Date,Open,High,Low,Close,Volume
,ZM,ZM,ZM,ZM,ZM
2021-01-04,340.3999938964844,363.0899963378906,339.20001220703125,359.9800109863281,8598300
2021-01-05,360.3900146484375,365.010009765625,349.0,360.8299865722656,4983500
2021-01-06,351.0,352.94000244140625,341.9200134277344,344.4100036621094,7124600
2021-01-07,346.0,354.4800109863281,341.6000061035156,342.5,5601200
2021-01-08,345.20001220703125,350.0,340.3399963378906,349.6099853515625,5009200
2021-01-11,344.9800109863281,349.9599914550781,336.8500061035156,337.7099914550781,3360400
2021-01-12,333.20001220703125,358.8999938964844,331.1000061035156,356.80999755859375,8934400
2021-01-13,360.0,384.2300109863281,348.6510009765625,364.6300048828125,14056500
2021-01-14,371.0,384.95001220703125,370.5,383.239990234375,9311000
2021-01-15,397.7099914550781,404.44000244140625,382.07000732421875,384.5299987792969,12799500
2021-01-19,391.010009765625,396.7699890136719,385.510009765625,393.8699951171875,5709400
2021-01-20,399.1099853515625,399.5299987792969,378.3190002441406,382.79998779296875,5713900
2021-01-21,383.0299987792969,387.2099914550781,372.0299987792969,382.80999755859375,5180800
2021-01-22,380.989990234375,385.2900085449219,376.3800048828125,383.3999938964844,2791600
2021-01-25,388.989990234375,398.79998779296875,378.2699890136719,391.8299865722656,5178100
2021-01-26,391.0799865722656,395.82000732421875,372.20001220703125,374.3900146484375,5151300
2021-01-27,367.5,384.2539978027344,362.7659912109375,370.739990234375,4557500
2021-01-28,368.0,383.3139953613281,363.8599853515625,378.5899963378906,3374200
2021-01-29,379.0,385.9100036621094,358.6199951171875,372.07000732421875,3959000
2021-02-01,369.0,382.7799987792969,368.1300048828125,381.92999267578125,3443900
2021-02-02,384.5,394.8900146484375,378.67999267578125,391.8399963378906,3780100
2021-02-03,395.7900085449219,395.7900085449219,379.0,380.4700012207031,3433100
2021-02-04,383.5,390.0,376.8699951171875,389.9800109863281,2528100
2021-02-05,387.8599853515625,420.0,387.8599853515625,419.5899963378906,9759100
2021-02-08,420.739990234375,422.0,406.5,410.80999755859375,3731500
2021-02-09,411.69500732421875,434.6700134277344,410.31298828125,430.0299987792969,5115400
2021-02-10,431.8900146484375,441.2200012207031,416.1440124511719,431.0,4738300
2021-02-11,433.989990234375,443.75,429.510009765625,432.7699890136719,3502600
2021-02-12,431.5199890136719,435.0,423.1300048828125,433.1099853515625,2077800
2021-02-16,438.7969970703125,451.7699890136719,436.70001220703125,444.510009765625,4249200
2021-02-17,440.0199890136719,441.20001220703125,418.25,429.4200134277344,4006500
2021-02-18,426.75,428.8800048828125,414.0,417.9100036621094,2645300
2021-02-19,419.2200012207031,425.989990234375,414.5,417.260009765625,2195000
2021-02-22,408.5,411.7200012207031,390.6000061035156,394.3399963378906,4340300
2021-02-23,371.010009765625,389.989990234375,351.80999755859375,388.1600036621094,5558200
2021-02-24,383.1300048828125,388.67498779296875,375.6199951171875,385.2300109863281,3442400
2021-02-25,383.7799987792969,387.6549987792969,361.010009765625,364.7300109863281,4585100
2021-02-26,367.95001220703125,377.093994140625,356.1709899902344,373.6099853515625,4702400
2021-03-01,388.6600036621094,416.20001220703125,387.010009765625,409.6600036621094,10044700
2021-03-02,439.6000061035156,440.0,371.82000732421875,372.7900085449219,18156600
2021-03-03,383.0,383.25,339.0,341.57000732421875,15526000
2021-03-04,347.79998779296875,358.29998779296875,333.0,343.0899963378906,10328100
2021-03-05,345.3900146484375,347.75,314.3800048828125,337.42999267578125,8255500
2021-03-08,334.989990234375,339.3500061035156,309.0,310.92999267578125,6899100
2021-03-09,331.95001220703125,343.57598876953125,320.79998779296875,342.1099853515625,5705200
2021-03-10,347.989990234375,355.69000244140625,333.010009765625,336.0299987792969,4730000
2021-03-11,347.989990234375,357.39801025390625,338.79998779296875,355.1700134277344,3915400
2021-03-12,342.010009765625,350.44000244140625,338.42999267578125,346.3900146484375,2960800
2021-03-15,347.07598876953125,351.55999755859375,343.5,350.0,1988200
2021-03-16,351.989990234375,355.489990234375,333.69000244140625,335.0799865722656,3333200
2021-03-17,328.57000732421875,340.5400085449219,322.6600036621094,336.6499938964844,3593200
2021-03-18,330.0,330.3299865722656,316.0,316.32000732421875,5434400
2021-03-19,316.8299865722656,327.97698974609375,313.6300048828125,326.260009765625,4981400
2021-03-22,329.45001220703125,333.8900146484375,327.010009765625,328.5,2947900
2021-03-23,330.0,347.3999938964844,329.35198974609375,339.760009765625,5723800
2021-03-24,338.67498779296875,339.989990234375,314.3500061035156,314.9599914550781,4924500
2021-03-25,310.95001220703125,320.6300048828125,308.30999755859375,314.8500061035156,3564800
2021-03-26,312.8900146484375,320.0,306.75,319.95001220703125,3219800
2021-03-29,317.07000732421875,322.9700012207031,305.7799987792969,308.3900146484375,3041400
2021-03-30,305.0,314.8800048828125,302.32000732421875,313.19000244140625,2837100
2021-03-31,315.2349853515625,325.739990234375,311.1300048828125,321.2900085449219,2773200
2021-04-01,325.9800109863281,338.9100036621094,325.5,326.2300109863281,2853900
2021-04-05,327.8299865722656,328.5,313.1000061035156,323.9599914550781,3024700
2021-04-06,323.75,332.6600036621094,321.6600036621094,329.7900085449219,3767100
2021-04-07,329.1099853515625,333.44000244140625,319.2300109863281,323.0799865722656,4197700
2021-04-08,326.8500061035156,333.989990234375,326.0,331.2799987792969,2821500
2021-04-09,329.1029968261719,329.82000732421875,319.4200134277344,322.6499938964844,3216500
2021-04-12,318.1000061035156,322.3800048828125,315.19000244140625,321.510009765625,2964500
2021-04-13,327.3580017089844,343.7080078125,325.5,342.75,5298200
2021-04-14,344.7200012207031,345.0199890136719,328.6300048828125,329.20001220703125,2844900
2021-04-15,334.1449890136719,338.4200134277344,327.4599914550781,332.3800048828125,3360700
2021-04-16,330.2699890136719,333.75,326.8699951171875,329.95001220703125,2476500
2021-04-19,327.5199890136719,337.7950134277344,320.5,324.3299865722656,3131900
2021-04-20,326.7300109863281,327.54998779296875,316.3599853515625,321.7799987792969,2282500
2021-04-21,317.010009765625,323.1099853515625,313.5,322.760009765625,1917500
2021-04-22,322.6650085449219,338.04998779296875,322.6650085449219,328.32000732421875,3328300
2021-04-23,331.489990234375,338.54998779296875,328.239990234375,336.8800048828125,2454300
2021-04-26,337.510009765625,338.0,329.2099914550781,336.4200134277344,2286700
2021-04-27,336.3900146484375,341.67999267578125,330.8900146484375,333.489990234375,2208300
2021-04-28,330.239990234375,334.70098876953125,326.0450134277344,331.25,1437600
2021-04-29,331.1600036621094,332.5,318.8900146484375,321.1000061035156,3121100
2021-04-30,318.0299987792969,326.27899169921875,317.239990234375,319.57000732421875,2152500
2021-05-03,320.239990234375,321.125,311.5299987792969,313.9200134277344,2253000
2021-05-04,310.9599914550781,311.5,298.7699890136719,304.8500061035156,3727600
2021-05-05,306.5299987792969,310.9800109863281,294.5,297.5899963378906,2582600
2021-05-06,295.20001220703125,295.20001220703125,285.6099853515625,293.04998779296875,3369100
2021-05-07,295.43701171875,304.6969909667969,292.7099914550781,295.239990234375,2446200
2021-05-10,293.010009765625,293.94000244140625,286.0400085449219,288.489990234375,2507800
2021-05-11,273.9100036621094,302.0,273.20001220703125,300.25,4084400
2021-05-12,291.04998779296875,296.5299987792969,282.4049987792969,289.70001220703125,3419800
2021-05-13,293.9800109863281,296.6099853515625,275.79998779296875,290.1600036621094,4608500
2021-05-14,292.1499938964844,309.17999267578125,292.1499938964844,307.8900146484375,4357300
2021-05-17,304.8299865722656,311.9100036621094,301.92999267578125,308.92999267578125,2905600
2021-05-18,309.4100036621094,322.25,304.9700012207031,312.8599853515625,3311900
2021-05-19,301.5799865722656,311.510009765625,299.0,310.4599914550781,1728400
2021-05-20,314.25,325.95001220703125,313.0299987792969,324.7099914550781,3029400
2021-05-21,328.2099914550781,329.45001220703125,316.0610046386719,316.3999938964844,2057300
2021-05-24,318.5199890136719,324.0299987792969,316.5,321.55999755859375,1855000
2021-05-25,322.7099914550781,325.510009765625,316.0799865722656,321.2799987792969,2160100
2021-05-26,324.29998779296875,329.4599914550781,323.239990234375,326.04998779296875,2374300
2021-05-27,324.1099853515625,331.0,317.54998779296875,326.42999267578125,3622100
2021-05-28,330.510009765625,336.3299865722656,329.6300048828125,331.5299987792969,2745700
2021-06-01,333.3299865722656,336.1400146484375,321.70001220703125,327.7200012207031,6607100
2021-06-02,331.8840026855469,333.7900085449219,322.2099914550781,327.1099853515625,6252100
2021-06-03,320.114013671875,325.8299865722656,318.25,319.010009765625,3107300
2021-06-04,321.59100341796875,338.989990234375,319.7699890136719,336.0,5604900
2021-06-07,332.6700134277344,344.92999267578125,331.12298583984375,342.6600036621094,4538700
2021-06-08,343.0,350.1499938964844,339.2200012207031,341.260009765625,2842700
2021-06-09,330.6300048828125,340.3399963378906,330.2300109863281,333.6300048828125,2721200
2021-06-10,332.04998779296875,346.8800048828125,331.0,346.5,2809200
2021-06-11,347.6400146484375,367.9599914550781,345.1000061035156,366.3999938964844,6783400
2021-06-14,361.8699951171875,369.5769958496094,359.39898681640625,365.9100036621094,3444300
2021-06-15,364.5,364.5,357.0480041503906,359.0,2587900
2021-06-16,357.81500244140625,366.8299865722656,355.4100036621094,361.8299865722656,2669200
2021-06-17,358.2049865722656,374.5199890136719,358.2049865722656,372.95001220703125,3416600
2021-06-18,374.010009765625,379.8900146484375,370.92999267578125,374.239990234375,4569100
2021-06-21,368.7799987792969,372.6239929199219,363.2900085449219,369.25,1896900
2021-06-22,368.510009765625,377.0,368.5,374.6499938964844,1999000
2021-06-23,375.0,382.7099914550781,373.989990234375,376.9200134277344,2358900
2021-06-24,378.45001220703125,382.5,372.32000732421875,373.3999938964844,2438900
2021-06-25,374.07000732421875,374.0799865722656,364.0799865722656,372.4700012207031,3647200
2021-06-28,375.94000244140625,393.3299865722656,374.5,388.8599853515625,3459900
2021-06-29,388.8500061035156,395.44000244140625,382.7699890136719,394.7300109863281,2582700
2021-06-30,395.0,395.4320068359375,385.5400085449219,387.0299987792969,2249400
2021-07-01,386.1199951171875,390.1099853515625,382.0,386.4800109863281,1468000
2021-07-02,390.4800109863281,398.7200012207031,386.54998779296875,388.8900146484375,2065000
2021-07-06,392.5799865722656,403.4700012207031,391.55999755859375,401.1199951171875,3436200
2021-07-07,403.8599853515625,406.4800109863281,393.29998779296875,393.9100036621094,2026600
2021-07-08,386.0,390.5,377.5,386.010009765625,2748900
2021-07-09,381.0199890136719,387.5299987792969,377.7919921875,385.0799865722656,1918200
2021-07-12,385.4100036621094,390.8800048828125,378.2699890136719,379.1199951171875,1902500
2021-07-13,379.0400085449219,384.5,375.4100036621094,378.3900146484375,1757400
2021-07-14,380.79998779296875,381.30999755859375,360.45001220703125,360.6099853515625,2599600
2021-07-15,363.92999267578125,368.57598876953125,355.3500061035156,356.80999755859375,2399700
2021-07-16,359.8699951171875,365.5,354.3399963378906,361.9700012207031,1887100
2021-07-19,356.3299865722656,357.5,343.82000732421875,354.20001220703125,7787600
2021-07-20,357.82501220703125,359.239990234375,347.0799865722656,355.80999755859375,4061100
2021-07-21,355.3399963378906,355.79998779296875,348.3330078125,352.9700012207031,2953400
2021-07-22,357.0299987792969,367.1000061035156,356.2099914550781,361.3900146484375,3096000
2021-07-23,361.6000061035156,362.5,351.0,359.2300109863281,2874300
2021-07-26,366.4800109863281,375.8299865722656,362.5,373.1400146484375,3842000
2021-07-27,374.760009765625,377.6990051269531,357.8699951171875,367.5400085449219,3080000
2021-07-28,368.4809875488281,374.1449890136719,364.2300109863281,369.489990234375,1870700
2021-07-29,376.07000732421875,396.8949890136719,375.0,386.0199890136719,6662100
2021-07-30,380.510009765625,392.0,377.5299987792969,378.1000061035156,2872500
2021-08-02,378.0,382.4200134277344,364.0,378.9599914550781,3163600
2021-08-03,378.1300048828125,385.6199951171875,371.5889892578125,374.8800048828125,2190900
2021-08-04,376.8800048828125,403.0,376.5,400.5799865722656,5563800
2021-08-05,395.7330017089844,404.3479919433594,391.82000732421875,398.67999267578125,3427600
2021-08-06,392.29998779296875,395.0,380.70001220703125,383.4700012207031,3092000
2021-08-09,384.92999267578125,385.5,378.20001220703125,383.3399963378906,2306600
2021-08-10,385.70001220703125,392.7799987792969,371.5799865722656,372.54998779296875,2806500
2021-08-11,374.9200134277344,375.9800109863281,352.7449951171875,358.55999755859375,3510800
2021-08-12,358.3399963378906,364.1499938964844,355.0199890136719,362.8599853515625,2063300
2021-08-13,362.2200012207031,363.3900146484375,353.5899963378906,355.239990234375,1745600
2021-08-16,354.6000061035156,355.0,342.57000732421875,348.4100036621094,2405500
2021-08-17,345.5,349.4599914550781,341.2959899902344,345.5400085449219,1991500
2021-08-18,345.5,346.9700012207031,339.04998779296875,340.92999267578125,2092700
2021-08-19,336.239990234375,337.989990234375,331.45001220703125,332.3800048828125,2476000
2021-08-20,333.45001220703125,344.3599853515625,333.45001220703125,336.8599853515625,2356200
2021-08-23,338.2250061035156,342.489990234375,336.7900085449219,341.29998779296875,2147300
2021-08-24,344.4159851074219,346.3299865722656,337.760009765625,340.25,1778100
2021-08-25,341.6400146484375,344.04998779296875,336.7909851074219,337.739990234375,2039200
2021-08-26,350.75,357.92999267578125,340.25,340.6300048828125,4849000
2021-08-27,343.8800048828125,344.7799987792969,337.6499938964844,340.80999755859375,3096200
2021-08-30,341.70001220703125,348.29998779296875,339.6499938964844,347.5,10094400
2021-08-31,294.0,295.8699951171875,288.29998779296875,289.5,34582900
2021-09-01,292.8500061035156,299.3999938964844,290.04998779296875,290.8599853515625,14996000
2021-09-02,292.79998779296875,296.69000244140625,290.4100036621094,295.0899963378906,6645200
2021-09-03,295.32501220703125,301.80499267578125,292.0299987792969,298.2900085449219,6127900
2021-09-07,298.2950134277344,300.9800109863281,294.79998779296875,299.9599914550781,4251900
2021-09-08,299.54998779296875,299.9599914550781,290.5299987792969,293.6000061035156,3934400
2021-09-09,292.1600036621094,297.57000732421875,291.1300048828125,295.8599853515625,3350100
2021-09-10,296.9100036621094,306.26300048828125,296.80999755859375,301.5,6094900
2021-09-13,300.1600036621094,300.2749938964844,289.82000732421875,290.239990234375,4916100
2021-09-14,290.3380126953125,291.8800048828125,280.9200134277344,281.44000244140625,6036800
2021-09-15,282.3299865722656,283.07000732421875,277.0199890136719,279.1199951171875,4647400
2021-09-16,277.67999267578125,279.2900085449219,273.5,278.2200012207031,4676300
2021-09-17,279.7900085449219,287.7799987792969,278.3699951171875,287.67999267578125,5423400
2021-09-20,278.6499938964844,285.0,276.9100036621094,280.6700134277344,3905300
2021-09-21,281.0270080566406,281.1700134277344,275.06500244140625,278.239990234375,4168300
2021-09-22,276.20001220703125,279.3900146484375,275.25,277.95001220703125,2973700
2021-09-23,279.9100036621094,280.3590087890625,275.45001220703125,276.19000244140625,2867900
2021-09-24,274.6400146484375,275.8999938964844,267.1910095214844,272.3599853515625,4051700
2021-09-27,269.489990234375,275.239990234375,266.1099853515625,272.8800048828125,3084100
2021-09-28,269.489990234375,270.614990234375,259.79998779296875,261.8900146484375,5212900
2021-09-29,262.32000732421875,266.8599853515625,256.8800048828125,257.4100036621094,4316300
2021-09-30,257.3869934082031,264.8789978027344,255.25,261.5,4733100
2021-10-01,268.77099609375,274.57000732421875,262.70001220703125,267.510009765625,8664800
2021-10-04,264.239990234375,264.572998046875,253.41000366210938,259.5799865722656,5004600
2021-10-05,259.8399963378906,262.739990234375,256.8500061035156,257.1199951171875,3712100
2021-10-06,251.3000030517578,257.8800048828125,250.11000061035156,253.64999389648438,3905500
2021-10-07,254.42999267578125,258.4800109863281,253.80999755859375,256.2699890136719,2672200
2021-10-08,257.2300109863281,260.5400085449219,253.63299560546875,255.0500030517578,2265300
2021-10-11,252.17999267578125,258.4100036621094,252.0,253.97000122070312,1722500
2021-10-12,255.27000427246094,257.3399963378906,253.10000610351562,255.49000549316406,3061100
2021-10-13,257.739990234375,268.2799987792969,257.3039855957031,266.239990234375,3764800
2021-10-14,270.5,274.0,266.8399963378906,267.010009765625,3063900
2021-10-15,267.0,267.9800109863281,264.25299072265625,266.32000732421875,2796400
2021-10-18,265.6700134277344,274.8299865722656,265.5,274.2300109863281,2649200
2021-10-19,274.5299987792969,279.80999755859375,273.8299865722656,276.3999938964844,2379400
2021-10-20,277.3500061035156,280.20001220703125,272.67498779296875,275.7099914550781,1740700
2021-10-21,273.6400146484375,278.1400146484375,272.6000061035156,274.7799987792969,1496600
2021-10-22,283.510009765625,286.6600036621094,276.1199951171875,277.5799865722656,3320500
2021-10-25,276.0400085449219,282.9800109863281,275.7200012207031,279.7900085449219,2925600
2021-10-26,283.3299865722656,286.94000244140625,277.7699890136719,278.70001220703125,2422000
2021-10-27,278.94000244140625,282.4800109863281,272.25,272.80999755859375,3104800
2021-10-28,271.1600036621094,278.260009765625,269.2099914550781,276.5799865722656,1594800
2021-10-29,272.0199890136719,276.614013671875,271.5979919433594,274.6499938964844,1493800
2021-11-01,273.20001220703125,279.4700012207031,271.343994140625,278.94000244140625,2773200
2021-11-02,281.09600830078125,286.45001220703125,276.2699890136719,280.2900085449219,2092700
2021-11-03,280.2200012207031,286.04998779296875,274.0249938964844,285.6600036621094,2435800
2021-11-04,286.2179870605469,291.30999755859375,280.7300109863281,282.20001220703125,1986800
2021-11-05,267.1000061035156,275.6400146484375,259.7699890136719,264.70001220703125,5421000
2021-11-08,262.6499938964844,263.17999267578125,257.94000244140625,259.8999938964844,3944100
2021-11-09,260.989990234375,265.6600036621094,257.57000732421875,258.3999938964844,3022500
2021-11-10,257.010009765625,259.4700012207031,249.0,251.25999450683594,4903900
2021-11-11,251.27000427246094,253.19000244140625,245.16000366210938,247.60000610351562,3286200
2021-11-12,248.3800048828125,255.13999938964844,245.52999877929688,254.97000122070312,3173600
2021-11-15,255.0,265.3299865722656,255.0,263.7099914550781,3994900
2021-11-16,263.0,268.8800048828125,261.2099914550781,264.489990234375,1972000
2021-11-17,264.0,266.19000244140625,261.5199890136719,263.7099914550781,2417300
2021-11-18,260.8800048828125,263.5,254.5800018310547,255.75,2353700
2021-11-19,262.239990234375,265.2300109863281,249.3300018310547,251.3000030517578,3877500
2021-11-22,249.25999450683594,251.6999969482422,238.1999969482422,242.27999877929688,8012800
2021-11-23,218.0500030517578,218.61000061035156,195.8000030517578,206.63999938964844,25297500
2021-11-24,203.89700317382812,211.5,202.02000427246094,208.3000030517578,9218600
2021-11-26,235.6999969482422,235.97000122070312,219.2100067138672,220.2100067138672,10808600
2021-11-29,216.42999267578125,219.36000061035156,208.4600067138672,218.97999572753906,7035400
2021-11-30,220.66000366210938,221.40499877929688,207.39999389648438,211.41000366210938,5916200
2021-12-01,211.4199981689453,211.5,196.26600646972656,197.7100067138672,7560800
2021-12-02,195.44000244140625,198.49000549316406,188.3699951171875,191.75,6610800
2021-12-03,187.72999572753906,187.8300018310547,177.1199951171875,183.9199981689453,8934200
2021-12-06,180.63499450683594,186.1300048828125,175.27000427246094,185.83999633789062,4157900
2021-12-07,187.85000610351562,190.86500549316406,185.5800018310547,189.05999755859375,3988300
2021-12-08,188.2899932861328,195.97999572753906,184.3000030517578,194.86000061035156,3320800
2021-12-09,195.1649932861328,198.50999450683594,185.64999389648438,188.27000427246094,3797200
2021-12-10,188.27000427246094,191.36000061035156,183.91000366210938,185.25,2174600
2021-12-13,181.86000061035156,188.97000122070312,181.0,184.57000732421875,2767800
2021-12-14,180.57000732421875,183.4199981689453,178.8000030517578,181.94000244140625,3511200
2021-12-15,181.1300048828125,185.46499633789062,174.66000366210938,183.72999572753906,4792300
2021-12-16,183.7899932861328,185.72000122070312,177.0,182.39999389648438,4224400
2021-12-17,184.1199951171875,201.69000244140625,183.35499572753906,199.74000549316406,10512600
2021-12-20,205.0,205.22000122070312,197.02000427246094,197.97000122070312,7774100
2021-12-21,199.0399932861328,200.52999877929688,191.6699981689453,199.4199981689453,4246800
2021-12-22,197.0500030517578,200.25,190.4199981689453,193.1300048828125,2865900
2021-12-23,191.0,193.41000366210938,186.64999389648438,191.64999389648438,3106600
2021-12-27,189.5399932861328,190.44000244140625,185.66000366210938,187.44000244140625,3068500
2021-12-28,186.60000610351562,190.6300048828125,183.08999633789062,183.77000427246094,3129100
2021-12-29,184.0,185.21400451660156,179.78500366210938,181.80999755859375,2565700
2021-12-30,182.32000732421875,192.91000366210938,180.83999633789062,190.52000427246094,4141900
2021-12-31,189.1999969482422,191.61099243164062,183.6199951171875,183.91000366210938,2817400
2022-01-03,184.44000244140625,184.91000366210938,177.24000549316406,184.25999450683594,3171900
2022-01-04,183.32000732421875,183.55499267578125,172.10000610351562,179.85000610351562,5269800
2022-01-05,175.97500610351562,183.6699981689453,174.2899932861328,174.8800048828125,3772300
2022-01-06,173.08999633789062,181.8800048828125,171.22999572753906,176.3300018310547,4002500
2022-01-07,176.0500030517578,180.6699981689453,170.72000122070312,171.60000610351562,3089400
2022-01-10,169.32000732421875,173.22999572753906,164.89999389648438,172.55999755859375,3502300
2022-01-11,172.14999389648438,178.8800048828125,169.4499969482422,175.97000122070312,2411000
2022-01-12,177.0,179.89999389648438,169.6999969482422,170.64999389648438,2704300
2022-01-13,170.10000610351562,170.38999938964844,162.0,162.10000610351562,4612500
2022-01-14,161.4199981689453,164.88999938964844,156.8800048828125,159.72000122070312,4700700
2022-01-18,156.32400512695312,162.97999572753906,156.0,157.6999969482422,4360900
2022-01-19,158.64999389648438,162.99000549316406,156.94000244140625,157.22999572753906,3305200
2022-01-20,159.5500030517578,163.47999572753906,155.64999389648438,155.80999755859375,3710700
2022-01-21,153.97999572753906,156.91000366210938,147.11000061035156,147.66000366210938,5722600
2022-01-24,141.67999267578125,153.24000549316406,138.91000366210938,152.9499969482422,8231800
2022-01-25,150.0,152.13999938964844,142.1199951171875,145.88999938964844,5122200
2022-01-26,150.0279998779297,152.0,138.88999938964844,140.3300018310547,4888300
2022-01-27,143.60000610351562,143.80999755859375,136.1699981689453,136.80999755859375,3572600
2022-01-28,137.5800018310547,143.88999938964844,134.6999969482422,143.80999755859375,3682700
2022-01-31,146.6699981689453,154.33999633789062,145.89999389648438,154.27999877929688,4960900
2022-02-01,155.22999572753906,155.9499969482422,150.07000732421875,155.67999267578125,3316000
2022-02-02,155.7899932861328,156.0500030517578,146.5800018310547,148.11000061035156,3063400
2022-02-03,144.07200622558594,146.4499969482422,137.35000610351562,137.94000244140625,3356000
2022-02-04,139.3000030517578,145.2100067138672,136.9199981689453,144.10000610351562,3457900
2022-02-07,144.58999633789062,147.47999572753906,139.77999877929688,141.44000244140625,2531100
2022-02-08,139.36000061035156,143.19000244140625,137.27999877929688,142.69000244140625,2565100
2022-02-09,146.49000549316406,149.80999755859375,143.89999389648438,149.60000610351562,3067100
2022-02-10,145.77999877929688,152.69000244140625,144.2899932861328,145.72000122070312,3348800
2022-02-11,146.96499633789062,150.47999572753906,140.16000366210938,141.24000549316406,2690400
2022-02-14,142.4199981689453,147.74000549316406,141.11000061035156,142.08999633789062,2538900
2022-02-15,144.44000244140625,147.14500427246094,141.10000610351562,146.89999389648438,3043800
2022-02-16,144.49000549316406,144.69000244140625,136.39500427246094,138.50999450683594,3928900
2022-02-17,137.6300048828125,137.73500061035156,128.92999267578125,129.3800048828125,4944700
2022-02-18,130.1300048828125,131.94000244140625,124.70999908447266,126.95999908447266,5435000
2022-02-22,125.05500030517578,130.72999572753906,124.9800033569336,126.61000061035156,4446000
2022-02-23,127.98999786376953,128.14999389648438,120.0999984741211,120.0999984741211,4634700
2022-02-24,114.73999786376953,128.74000549316406,114.26000213623047,126.97000122070312,6998500
2022-02-25,129.0500030517578,129.05999755859375,120.0199966430664,125.31999969482422,5242600
2022-02-28,126.79000091552734,135.08999633789062,125.0999984741211,132.60000610351562,12033100
2022-03-01,128.57000732421875,136.0,122.12999725341797,122.77999877929688,11541600
2022-03-02,122.25,122.88999938964844,114.5199966430664,121.61000061035156,7224300
2022-03-03,122.0,122.05999755859375,111.94999694824219,113.11000061035156,6211500
2022-03-04,114.0999984741211,116.19000244140625,108.43000030517578,108.94000244140625,6219300
2022-03-07,111.12999725341797,115.23999786376953,107.72000122070312,107.87999725341797,6240200
2022-03-08,106.66999816894531,114.29000091552734,105.0,108.48999786376953,5581800
2022-03-09,111.83999633789062,111.83999633789062,108.05999755859375,109.08000183105469,6427500
2022-03-10,105.83499908447266,106.9000015258789,101.05500030517578,103.33000183105469,5030800
2022-03-11,103.4800033569336,103.48999786376953,97.9000015258789,98.12000274658203,6454600
2022-03-14,97.5,102.16000366210938,94.51000213623047,94.63999938964844,6715700
2022-03-15,96.08999633789062,100.59500122070312,95.26000213623047,98.97000122070312,7001700
2022-03-16,100.55000305175781,106.87999725341797,100.16999816894531,106.83999633789062,8003000
2022-03-17,106.45999908447266,111.33000183105469,105.0,111.29000091552734,4967500
2022-03-18,109.48999786376953,117.83999633789062,109.20999908447266,116.27999877929688,8521800
2022-03-21,115.01000213623047,119.88999938964844,113.3499984741211,116.87000274658203,5941500
2022-03-22,116.01000213623047,122.23999786376953,115.4000015258789,119.80000305175781,5003100
2022-03-23,117.21499633789062,120.2699966430664,115.94999694824219,116.80999755859375,3443300
2022-03-24,117.3499984741211,117.77999877929688,113.97000122070312,117.75,3332000
2022-03-25,117.12999725341797,117.58000183105469,112.44999694824219,113.93000030517578,4209400
2022-03-28,114.87000274658203,118.30999755859375,113.62999725341797,117.44999694824219,3289300
2022-03-29,119.97699737548828,126.52999877929688,119.97699737548828,126.26000213623047,4757100
2022-03-30,124.26000213623047,127.37000274658203,121.2300033569336,122.38999938964844,3987800
2022-03-31,122.75,122.80999755859375,117.16000366210938,117.2300033569336,2903100
2022-04-01,117.55999755859375,120.49600219726562,116.11000061035156,118.0199966430664,2793300
2022-04-04,119.38999938964844,124.98999786376953,118.33000183105469,124.27999877929688,3077400
2022-04-05,123.91999816894531,126.44000244140625,120.43000030517578,122.0199966430664,4906500
2022-04-06,118.02999877929688,118.55999755859375,113.33999633789062,116.08999633789062,5161500
2022-04-07,115.13999938964844,118.12000274658203,111.33000183105469,114.31999969482422,3498000
2022-04-08,112.37000274658203,113.2699966430664,109.38800048828125,110.9000015258789,3953300
2022-04-11,107.91000366210938,111.11000061035156,106.41200256347656,109.05000305175781,3902800
2022-04-12,111.69000244140625,114.69999694824219,106.23999786376953,106.58000183105469,3249600
2022-04-13,106.30000305175781,115.82499694824219,105.16000366210938,114.88999938964844,4677800
2022-04-14,114.66000366210938,114.66000366210938,110.13999938964844,110.30999755859375,4499600
2022-04-18,109.7300033569336,109.93000030517578,103.62000274658203,105.73999786376953,4152500
2022-04-19,105.44000244140625,112.33000183105469,104.07499694824219,111.18000030517578,3289400
2022-04-20,109.52999877929688,109.91000366210938,103.4000015258789,103.69999694824219,4512100
2022-04-21,105.19999694824219,108.48999786376953,100.55000305175781,100.94999694824219,4395300
2022-04-22,101.15499877929688,104.98999786376953,99.30000305175781,100.16999816894531,3784400
2022-04-25,99.51000213623047,103.08999633789062,98.9000015258789,102.44000244140625,2724200
2022-04-26,100.75,101.68000030517578,96.0,98.36000061035156,3786000
2022-04-27,97.69000244140625,102.04000091552734,97.2969970703125,97.62000274658203,3522700
2022-04-28,98.0999984741211,103.91999816894531,95.72000122070312,102.55999755859375,3585200
2022-04-29,102.66999816894531,107.83999633789062,99.3949966430664,99.56999969482422,3609000
2022-05-02,99.1500015258789,105.08000183105469,98.16999816894531,104.79000091552734,3164700
2022-05-03,104.11000061035156,106.98999786376953,102.12999725341797,103.52999877929688,2103200
2022-05-04,103.95999908447266,109.33999633789062,99.30000305175781,108.9800033569336,3751000
2022-05-05,107.12999725341797,107.36000061035156,99.31999969482422,100.83999633789062,3661600
2022-05-06,100.48999786376953,102.02999877929688,94.01000213623047,96.37999725341797,4635500
2022-05-09,94.05000305175781,96.83000183105469,91.6500015258789,92.33999633789062,5766300
2022-05-10,95.5999984741211,98.06999969482422,87.33999633789062,90.68000030517578,6315100
2022-05-11,88.93000030517578,94.16000366210938,84.16999816894531,84.80000305175781,6182600
2022-05-12,81.12999725341797,87.79000091552734,79.02999877929688,84.97000122070312,7178800
2022-05-13,88.72000122070312,95.62799835205078,88.25399780273438,94.83999633789062,5687600
2022-05-16,93.43000030517578,95.83000183105469,88.66000366210938,88.91999816894531,4501300
2022-05-17,91.36000061035156,95.0999984741211,86.40899658203125,90.94000244140625,4208800
2022-05-18,88.68000030517578,91.11000061035156,84.04000091552734,84.69000244140625,3854200
2022-05-19,85.73999786376953,93.48999786376953,84.68499755859375,90.94000244140625,4746900
2022-05-20,92.62000274658203,94.8499984741211,85.55000305175781,89.73999786376953,4741400
2022-05-23,89.87000274658203,90.25,85.56999969482422,89.33000183105469,11240300
2022-05-24,94.55999755859375,97.08999633789062,87.33000183105469,94.33999633789062,27414900
2022-05-25,94.13999938964844,104.26599884033203,94.0,102.33999633789062,13892000
2022-05-26,101.8949966430664,108.16999816894531,101.7699966430664,107.0,10633600
2022-05-27,108.0,111.23999786376953,105.55000305175781,110.41999816894531,7097100
2022-05-31,112.63999938964844,112.87000274658203,105.58000183105469,107.44999694824219,5930200
2022-06-01,107.95999908447266,110.88999938964844,104.91999816894531,107.6500015258789,4700800
2022-06-02,107.43000030517578,114.08000183105469,107.02999877929688,112.23999786376953,4985900
2022-06-03,109.66000366210938,111.80000305175781,107.30000305175781,109.41999816894531,3882100
2022-06-06,112.33000183105469,112.91000366210938,108.51000213623047,111.01000213623047,2867500
2022-06-07,110.5,115.31999969482422,109.05000305175781,115.04000091552734,3951900
2022-06-08,115.4000015258789,116.9000015258789,113.16000366210938,115.45999908447266,3583900
2022-06-09,112.16999816894531,116.16999816894531,110.33999633789062,110.4000015258789,4302600
2022-06-10,106.93399810791016,110.98999786376953,106.12000274658203,109.06999969482422,5768900
2022-06-13,102.81999969482422,106.37999725341797,102.12000274658203,103.31999969482422,7183900
2022-06-14,103.9000015258789,109.8499984741211,103.77999877929688,106.86000061035156,6815000
2022-06-15,107.5,114.7300033569336,106.12999725341797,112.93000030517578,5954500
2022-06-16,108.0999984741211,109.6500015258789,104.1500015258789,106.08999633789062,4714600
2022-06-17,107.09500122070312,111.91999816894531,106.39299774169922,110.0,6143400
2022-06-21,112.1500015258789,117.37000274658203,110.86000061035156,113.81999969482422,6176200
2022-06-22,112.02999877929688,119.52999877929688,111.7699966430664,115.16999816894531,5481800
2022-06-23,116.23999786376953,118.4000015258789,110.66999816894531,117.66999816894531,5464400
2022-06-24,118.80999755859375,122.98999786376953,118.12000274658203,122.63999938964844,12212800
2022-06-27,122.4800033569336,123.7300033569336,117.68000030517578,119.81999969482422,3457200
2022-06-28,119.81999969482422,122.08499908447266,112.86000061035156,113.12999725341797,3692500
2022-06-29,112.93000030517578,113.72000122070312,110.04000091552734,111.87000274658203,2711800
2022-06-30,110.0,111.0,104.77999877929688,107.97000122070312,4249600
2022-07-01,108.7699966430664,111.97899627685547,106.83000183105469,110.97000122070312,2800300
2022-07-05,110.55999755859375,120.75,108.41000366210938,120.41999816894531,5310000
2022-07-06,120.68000030517578,123.95999908447266,116.56999969482422,117.05999755859375,4198100
2022-07-07,116.5,121.26000213623047,116.33000183105469,120.73999786376953,3036600
2022-07-08,118.62000274658203,124.05000305175781,117.66000366210938,119.80000305175781,3261700
2022-07-11,117.16000366210938,117.54000091552734,107.7300033569336,108.37999725341797,5461800
2022-07-12,109.79000091552734,113.5999984741211,106.91000366210938,107.98999786376953,4205100
2022-07-13,103.63500213623047,105.4000015258789,99.80000305175781,101.01000213623047,7903000
2022-07-14,101.3499984741211,101.44000244140625,96.83999633789062,97.3499984741211,5552600
2022-07-15,97.86000061035156,99.97000122070312,96.11000061035156,99.8499984741211,4714400
2022-07-18,101.9800033569336,102.18000030517578,98.48999786376953,98.91999816894531,6516500
2022-07-19,100.4000015258789,102.21900177001953,97.6500015258789,102.08000183105469,2829500
2022-07-20,103.48999786376953,109.87000274658203,103.375,107.08999633789062,4298100
2022-07-21,107.5,111.2699966430664,107.30000305175781,110.8499984741211,2982100
2022-07-22,111.0,112.94999694824219,105.69000244140625,106.55000305175781,2656800
2022-07-25,106.38999938964844,106.95999908447266,103.91000366210938,106.0999984741211,2039800
2022-07-26,105.02999877929688,105.12999725341797,100.01000213623047,100.33000183105469,2878200
2022-07-27,102.16000366210938,106.45999908447266,100.55000305175781,105.91000366210938,3182800
2022-07-28,104.45999908447266,106.9020004272461,100.80999755859375,106.22000122070312,2380000
2022-07-29,105.48500061035156,105.48500061035156,101.01000213623047,103.86000061035156,3975900
2022-08-01,103.37999725341797,107.91999816894531,101.8499984741211,105.38999938964844,2386200
2022-08-02,103.04000091552734,109.9800033569336,102.9000015258789,108.16000366210938,2519900
2022-08-03,109.30999755859375,114.0,109.22000122070312,112.97000122070312,2653500
2022-08-04,114.06999969482422,115.0,110.13999938964844,112.86000061035156,2149800
2022-08-05,110.0,114.31999969482422,108.73999786376953,113.8499984741211,2639900
2022-08-08,114.7699966430664,119.81999969482422,113.81999969482422,114.73999786376953,2832500
2022-08-09,111.77999877929688,112.80400085449219,104.91000366210938,105.29000091552734,5822800
2022-08-10,111.3499984741211,112.41999816894531,108.80000305175781,112.01000213623047,3756600
2022-08-11,114.0,114.98999786376953,107.23999786376953,108.05999755859375,4067800
2022-08-12,109.41000366210938,110.08999633789062,107.27999877929688,109.5199966430664,2488900
2022-08-15,109.41000366210938,113.79000091552734,108.3499984741211,113.2300033569336,2737400
2022-08-16,107.81500244140625,109.93000030517578,103.31999969482422,109.19000244140625,7520100
2022-08-17,106.22000122070312,107.3499984741211,102.0199966430664,102.37999725341797,4257200
2022-08-18,101.76000213623047,104.56999969482422,100.63999938964844,103.18000030517578,3091700
2022-08-19,100.9000015258789,102.1500015258789,98.80000305175781,99.5,3747900
2022-08-22,98.19999694824219,100.13999938964844,96.4800033569336,97.44000244140625,8274100
2022-08-23,84.55999755859375,87.58999633789062,81.12999725341797,81.31999969482422,31475400
2022-08-24,81.63999938964844,85.06999969482422,80.5,83.61000061035156,11133300
2022-08-25,83.5999984741211,85.76000213623047,82.43000030517578,85.72000122070312,5409700
2022-08-26,84.1500015258789,85.0199966430664,80.27999877929688,81.41000366210938,5927400
2022-08-29,80.37000274658203,82.94999694824219,80.12000274658203,81.0,5211000
2022-08-30,82.0,82.75,79.81999969482422,81.41999816894531,4142500
2022-08-31,82.96800231933594,83.47000122070312,79.33999633789062,80.4000015258789,4838000
2022-09-01,79.29000091552734,81.23999786376953,77.79000091552734,81.13999938964844,6795400
2022-09-02,82.01000213623047,83.30999755859375,80.05000305175781,80.79000091552734,4570900
2022-09-06,80.55999755859375,81.08000183105469,79.56999969482422,80.0199966430664,3576100
2022-09-07,79.95999908447266,81.36000061035156,79.33999633789062,81.0199966430664,4329600
2022-09-08,80.23999786376953,81.47000122070312,79.4000015258789,80.2300033569336,3674700
2022-09-09,81.58999633789062,83.69999694824219,81.54000091552734,82.62000274658203,3964000
2022-09-12,82.43000030517578,84.77999877929688,82.43000030517578,84.08000183105469,3928900
2022-09-13,80.0,80.1500015258789,78.62000274658203,78.86000061035156,4654500
2022-09-14,78.86000061035156,80.41000366210938,77.93000030517578,79.58999633789062,4196500
2022-09-15,78.63999938964844,81.97000122070312,78.26000213623047,80.20999908447266,4247500
2022-09-16,78.13999938964844,79.2300033569336,77.33000183105469,78.68000030517578,6150700
2022-09-19,78.05999755859375,79.0,76.75,78.31999969482422,4515000
2022-09-20,77.44999694824219,78.83999633789062,76.76000213623047,77.08999633789062,3157800
2022-09-21,77.83000183105469,78.83000183105469,75.31999969482422,75.94000244140625,3274100
2022-09-22,75.0,75.7699966430664,74.33000183105469,74.54000091552734,4116200
2022-09-23,74.16000366210938,74.94999694824219,73.32099914550781,74.44999694824219,3944700
2022-09-26,74.81999969482422,76.87000274658203,73.23999786376953,73.33000183105469,3068800
2022-09-27,74.9000015258789,75.98999786376953,72.95999908447266,74.26000213623047,3576500
2022-09-28,74.30999755859375,76.2249984741211,74.05000305175781,75.88999938964844,2856700
2022-09-29,74.2699966430664,75.22000122070312,73.5999984741211,74.47000122070312,2930400
2022-09-30,74.5999984741211,76.25,73.4800033569336,73.58999633789062,3539700
2022-10-03,73.91000366210938,74.87000274658203,71.69000244140625,73.94000244140625,4182000
2022-10-04,75.83000183105469,78.44999694824219,75.73400115966797,77.54000091552734,4703000
2022-10-05,75.58000183105469,77.87000274658203,74.95999908447266,77.5199966430664,2604500
2022-10-06,77.7300033569336,79.0,76.95999908447266,78.3499984741211,2185800
2022-10-07,75.63999938964844,78.33000183105469,75.36000061035156,76.58999633789062,4464200
2022-10-10,75.98999786376953,76.19599914550781,72.29000091552734,73.72000122070312,4777500
2022-10-11,71.45999908447266,74.55000305175781,70.43499755859375,73.70999908447266,5389700
2022-10-12,74.29000091552734,76.55000305175781,73.4000015258789,75.22000122070312,3941000
2022-10-13,71.6500015258789,75.41999816894531,71.6500015258789,74.7300033569336,5754500
2022-10-14,75.75,76.9000015258789,72.13999938964844,72.29000091552734,2830800
2022-10-17,75.06400299072266,77.43000030517578,74.51000213623047,76.69000244140625,3431600
2022-10-18,79.5199966430664,80.77999877929688,77.33000183105469,78.2300033569336,3539400
2022-10-19,77.5199966430664,78.04000091552734,75.58999633789062,76.33000183105469,1955800
2022-10-20,76.66999816894531,81.5,76.58000183105469,79.95999908447266,4156900
2022-10-21,79.63999938964844,81.0999984741211,77.5999984741211,80.9800033569336,3312100
2022-10-24,80.4000015258789,80.66000366210938,78.18000030517578,80.61000061035156,2731600
2022-10-25,81.54000091552734,84.12999725341797,81.45999908447266,84.08999633789062,2992300
2022-10-26,82.3499984741211,85.45999908447266,82.19000244140625,83.37000274658203,2599700
2022-10-27,83.68000030517578,85.02999877929688,82.47000122070312,82.61000061035156,2579400
2022-10-28,81.73500061035156,84.24500274658203,81.31999969482422,84.20999908447266,2370800
2022-10-31,83.69000244140625,84.57499694824219,82.33999633789062,83.44000244140625,1908600
2022-11-01,85.5,86.30999755859375,82.79000091552734,82.88999938964844,1834900
2022-11-02,83.27999877929688,84.36000061035156,78.58999633789062,78.5999984741211,3381000
2022-11-03,77.80000305175781,81.2300033569336,77.2300033569336,78.38999938964844,3156400
2022-11-04,79.44000244140625,79.73999786376953,75.83499908447266,77.45999908447266,3969300
2022-11-07,78.06999969482422,80.31999969482422,77.26000213623047,79.61000061035156,3317800
2022-11-08,80.22000122070312,81.93499755859375,78.01000213623047,78.30999755859375,3987100
2022-11-09,77.52999877929688,77.52999877929688,70.91999816894531,71.83999633789062,6019800
2022-11-10,76.87000274658203,82.3499984741211,76.75,82.2300033569336,4908600
2022-11-11,81.45999908447266,89.66999816894531,80.05000305175781,88.31999969482422,5906400
2022-11-14,86.72000122070312,87.98999786376953,84.20999908447266,84.3499984741211,2883600
2022-11-15,88.25,89.37000274658203,85.72000122070312,87.44000244140625,2776500
2022-11-16,85.05999755859375,85.2300033569336,83.12999725341797,83.5,2709400
2022-11-17,81.19999694824219,83.20999908447266,80.33999633789062,82.58999633789062,2284100
2022-11-18,83.33999633789062,83.6050033569336,80.13999938964844,81.63999938964844,3125300
2022-11-21,81.20999908447266,82.51799774169922,79.7699966430664,80.26000213623047,7234000
2022-11-22,75.18000030517578,77.44000244140625,71.9000015258789,77.1500015258789,15729400
2022-11-23,76.13999938964844,77.27999877929688,74.8499984741211,76.13999938964844,4938100
2022-11-25,75.30999755859375,76.98999786376953,74.83000183105469,75.4000015258789,2658000
2022-11-28,74.72000122070312,76.5,71.30000305175781,71.58999633789062,6245400
2022-11-29,71.66000366210938,72.62000274658203,70.29000091552734,70.56999969482422,4879300
2022-11-30,70.76000213623047,75.44000244140625,69.54000091552734,75.43000030517578,6213800
2022-12-01,75.88999938964844,81.69000244140625,75.85800170898438,77.43000030517578,4777700
2022-12-02,74.58000183105469,76.36000061035156,73.8499984741211,74.30999755859375,3296300
2022-12-05,74.26000213623047,75.22000122070312,72.54000091552734,72.9000015258789,2942800
2022-12-06,72.79000091552734,73.0,70.87999725341797,71.47000122070312,2661100
2022-12-07,71.25,71.46499633789062,69.74099731445312,69.87000274658203,3422100
2022-12-08,70.12000274658203,72.41000366210938,68.87999725341797,72.36000061035156,3056300
2022-12-09,72.33000183105469,73.73999786376953,71.85399627685547,72.16000366210938,2185200
2022-12-12,70.91000366210938,73.72000122070312,70.11000061035156,73.69000244140625,2836900
2022-12-13,77.52999877929688,79.37999725341797,73.01000213623047,74.05000305175781,4017800
2022-12-14,73.6500015258789,75.08000183105469,72.02999877929688,73.22000122070312,3570300
2022-12-15,71.68000030517578,72.30999755859375,69.80999755859375,70.19999694824219,3700700
2022-12-16,69.81999969482422,70.79000091552734,69.55000305175781,69.86000061035156,4695600
2022-12-19,69.41000366210938,70.25,68.8499984741211,69.08999633789062,3182500
2022-12-20,68.44999694824219,70.33999633789062,67.91999816894531,68.55999755859375,2936000
2022-12-21,68.70999908447266,70.96199798583984,67.87999725341797,69.93000030517578,3254100
2022-12-22,68.37000274658203,68.58200073242188,64.83000183105469,65.94000244140625,4180100
2022-12-23,65.61000061035156,66.66000366210938,65.01000213623047,65.88999938964844,2209200
2022-12-27,64.75,66.18000030517578,63.54999923706055,65.45999908447266,3581800
2022-12-28,65.25,66.8499984741211,64.7699966430664,65.36000061035156,2311200
2022-12-29,66.27999877929688,68.3499984741211,66.18000030517578,68.0,2135300
2022-12-30,66.55000305175781,67.81999969482422,66.36000061035156,67.73999786376953,1874600
2023-01-03,69.01000213623047,69.33000183105469,66.16000366210938,66.66000366210938,2797600
2023-01-04,67.62000274658203,68.01000213623047,65.87999725341797,67.6500015258789,3209600
2023-01-05,66.80000305175781,67.12000274658203,64.93000030517578,65.62000274658203,2040100
2023-01-06,65.97000122070312,69.9000015258789,65.5999984741211,69.51000213623047,4079800
2023-01-09,69.80999755859375,72.1719970703125,68.57499694824219,70.08000183105469,3403000
2023-01-10,69.54000091552734,71.23999786376953,69.52999877929688,70.86000061035156,1851200
2023-01-11,70.9800033569336,71.37000274658203,68.69999694824219,70.01000213623047,3343500
2023-01-12,69.83000183105469,70.02999877929688,67.62999725341797,69.91000366210938,3177700
2023-01-13,69.08999633789062,70.5999984741211,68.62999725341797,69.48999786376953,2344200
2023-01-17,69.5,70.19999694824219,67.77999877929688,69.87000274658203,3776800
2023-01-18,71.0,71.37000274658203,67.43000030517578,67.4800033569336,3085800
2023-01-19,66.29000091552734,67.86000061035156,66.2509994506836,66.83499908447266,2180100
2023-01-20,67.08000183105469,69.7699966430664,66.68499755859375,69.5,2838600
2023-01-23,69.0,71.51000213623047,68.25,70.97000122070312,2835000
2023-01-24,70.79000091552734,71.83999633789062,69.19999694824219,69.43000030517578,2227900
2023-01-25,68.11000061035156,69.36000061035156,66.06099700927734,68.88999938964844,3202700
2023-01-26,70.43000030517578,72.37000274658203,69.76000213623047,71.58000183105469,2670000
2023-01-27,71.04000091552734,74.54000091552734,70.79000091552734,74.1500015258789,3556900
2023-01-30,73.08999633789062,78.44000244140625,73.08000183105469,73.5,7108400
2023-01-31,73.5,75.0199966430664,73.36000061035156,75.0,2832700
2023-02-01,75.4800033569336,78.5,73.9000015258789,78.11000061035156,3161100
2023-02-02,80.2300033569336,84.41999816894531,79.51000213623047,82.83999633789062,5428400
2023-02-03,79.62000274658203,81.9800033569336,78.73999786376953,79.54000091552734,3488200
2023-02-06,77.87999725341797,79.2300033569336,76.33499908447266,77.06999969482422,2862200
2023-02-07,77.48999786376953,85.12999725341797,76.01000213623047,84.66000366210938,14656800
2023-02-08,83.52999877929688,84.44000244140625,79.18000030517578,79.3499984741211,5372600
2023-02-09,80.45999908447266,80.66000366210938,76.45999908447266,76.7699966430664,4015900
2023-02-10,75.76000213623047,75.87000274658203,72.87000274658203,74.20999908447266,3305100
2023-02-13,75.0999984741211,76.51000213623047,73.5999984741211,76.4800033569336,2941300
2023-02-14,75.625,77.98500061035156,74.25,77.9000015258789,3308600
2023-02-15,77.66999816894531,80.80000305175781,76.98500061035156,80.7699966430664,2336200
2023-02-16,78.58999633789062,80.43000030517578,77.55999755859375,77.91000366210938,3205400
2023-02-17,76.91000366210938,77.0999984741211,74.30000305175781,76.11000061035156,3002100
2023-02-21,74.0199966430664,75.1500015258789,72.2699966430664,72.47000122070312,2884900
2023-02-22,73.08999633789062,74.25,72.7300033569336,73.38999938964844,4489400
2023-02-23,74.37000274658203,75.04000091552734,72.66000366210938,74.56999969482422,2948400
2023-02-24,72.4000015258789,74.56800079345703,72.19100189208984,73.93000030517578,3062800
2023-02-27,74.9000015258789,75.37100219726562,73.19999694824219,73.72000122070312,8477300
2023-02-28,75.95500183105469,76.9800033569336,72.88999938964844,74.58999633789062,18552100
2023-03-01,74.19999694824219,75.80000305175781,69.35099792480469,69.62000274658203,7258300
2023-03-02,68.9000015258789,71.30999755859375,68.9000015258789,70.62999725341797,4088700
2023-03-03,69.12999725341797,71.40499877929688,68.92500305175781,70.80999755859375,4358000
2023-03-06,71.2300033569336,73.11000061035156,70.625,71.33000183105469,3246200
2023-03-07,71.63999938964844,73.05000305175781,69.47000122070312,69.6500015258789,3100900
2023-03-08,69.91999816894531,70.33000183105469,68.29000091552734,68.91000366210938,2775800
2023-03-09,68.80999755859375,69.70999908447266,67.13999938964844,67.62000274658203,4020100
2023-03-10,66.1989974975586,68.43000030517578,64.46299743652344,67.12000274658203,5660700
2023-03-13,66.33200073242188,69.94999694824219,65.62000274658203,68.66999816894531,4290700
2023-03-14,69.98999786376953,70.80000305175781,68.19000244140625,68.98999786376953,2299400
2023-03-15,68.09500122070312,71.19999694824219,68.09500122070312,71.02999877929688,3477200
2023-03-16,71.33000183105469,72.19999694824219,69.87000274658203,70.58999633789062,4268500
2023-03-17,70.55000305175781,70.5999984741211,68.56999969482422,69.19000244140625,3763400
2023-03-20,68.87999725341797,69.33000183105469,67.4000015258789,69.30000305175781,3578300
2023-03-21,69.72000122070312,71.88999938964844,69.18000030517578,71.8499984741211,2456600
2023-03-22,71.72000122070312,72.16000366210938,68.69000244140625,68.75,2821100
2023-03-23,69.44000244140625,70.7300033569336,68.70999908447266,69.19000244140625,3849400
2023-03-24,68.25,69.05000305175781,67.76000213623047,69.04000091552734,1718600
2023-03-27,69.69000244140625,70.19999694824219,67.8499984741211,68.56999969482422,2168400
2023-03-28,68.56999969482422,68.95999908447266,67.3499984741211,68.54000091552734,2073300
2023-03-29,69.72000122070312,71.06999969482422,69.5999984741211,70.5999984741211,3027800
2023-03-30,71.60800170898438,72.91999816894531,71.22000122070312,72.04000091552734,2833900
2023-03-31,72.4800033569336,74.33000183105469,72.12999725341797,73.83999633789062,4311400
2023-04-03,73.16999816894531,73.76499938964844,72.37000274658203,73.66999816894531,2304700
2023-04-04,74.1500015258789,74.41000366210938,72.8949966430664,73.63999938964844,1812500
2023-04-05,73.01000213623047,73.05999755859375,70.13999938964844,71.0999984741211,3576900
2023-04-06,70.71499633789062,72.0999984741211,69.55999755859375,71.8499984741211,2074400
2023-04-10,71.18000030517578,71.33100128173828,69.66000366210938,71.16999816894531,2137000
2023-04-11,68.87000274658203,70.80000305175781,68.25,70.0,4037300
2023-04-12,71.16999816894531,71.5250015258789,67.45999908447266,67.48999786376953,2906500
2023-04-13,67.73999786376953,70.88999938964844,67.73999786376953,70.18000030517578,3255100
2023-04-14,69.56999969482422,70.09500122070312,68.69999694824219,69.5,3706900
2023-04-17,68.0,69.19999694824219,67.5,67.62000274658203,7925800
2023-04-18,68.30000305175781,68.44999694824219,67.05000305175781,67.2699966430664,2548900
2023-04-19,66.5,68.3550033569336,66.37999725341797,67.75,2903400
2023-04-20,66.76000213623047,67.43000030517578,65.62999725341797,65.69999694824219,3399900
2023-04-21,65.5,65.7699966430664,63.77000045776367,63.97999954223633,4619400
2023-04-24,63.90999984741211,67.66999816894531,62.61000061035156,65.80000305175781,12934600
2023-04-25,65.01000213623047,65.18199920654297,63.02000045776367,63.04999923706055,4299200
2023-04-26,64.16000366210938,64.4800033569336,60.90999984741211,61.43000030517578,4203300
2023-04-27,62.040000915527344,62.404998779296875,61.189998626708984,61.290000915527344,3853200
2023-04-28,61.290000915527344,61.959999084472656,60.45000076293945,61.43000030517578,4256300
2023-05-01,61.400001525878906,61.94499969482422,61.04999923706055,61.68000030517578,2687700
2023-05-02,61.369998931884766,62.018001556396484,60.869998931884766,61.189998626708984,3202700
2023-05-03,61.43000030517578,61.91999816894531,60.479000091552734,60.81999969482422,3585500
2023-05-04,60.529998779296875,63.099998474121094,60.529998779296875,62.220001220703125,3800600
2023-05-05,63.130001068115234,64.08000183105469,62.849998474121094,63.400001525878906,3189100
2023-05-08,63.45000076293945,63.95000076293945,62.5,62.93000030517578,2791200
2023-05-09,62.2599983215332,64.55000305175781,62.209999084472656,63.560001373291016,4133900
2023-05-10,64.13999938964844,65.66999816894531,64.05000305175781,64.43000030517578,3533400
2023-05-11,64.7300033569336,65.05000305175781,63.720001220703125,64.44999694824219,2344200
2023-05-12,64.41000366210938,64.41000366210938,63.290000915527344,63.689998626708984,2652900
2023-05-15,63.400001525878906,66.05000305175781,63.29999923706055,66.02999877929688,3559800
2023-05-16,65.86000061035156,66.58999633789062,65.5199966430664,65.98999786376953,2829500
2023-05-17,66.08999633789062,67.94999694824219,64.91000366210938,67.8499984741211,4060200
2023-05-18,67.83000183105469,69.66999816894531,67.62999725341797,69.52999877929688,3934600
2023-05-19,69.16999816894531,70.11900329589844,68.7699966430664,69.37000274658203,3778300
2023-05-22,69.3499984741211,71.98999786376953,68.8499984741211,71.41000366210938,9631800
2023-05-23,69.0,69.0999984741211,65.18000030517578,65.6500015258789,16952700
2023-05-24,64.9000015258789,66.44999694824219,62.349998474121094,62.630001068115234,7582600
2023-05-25,62.45000076293945,65.55000305175781,61.560001373291016,65.12000274658203,6533200
2023-05-26,65.43000030517578,68.4800033569336,65.1500015258789,66.2699966430664,5949600
2023-05-30,67.0,67.25900268554688,63.93000030517578,65.68000030517578,4622300
2023-05-31,65.36000061035156,67.3499984741211,65.05999755859375,67.12999725341797,5525800
2023-06-01,66.16999816894531,68.7300033569336,66.06999969482422,67.83000183105469,3369000
2023-06-02,68.76000213623047,69.08999633789062,67.02999877929688,67.08999633789062,3735000
2023-06-05,66.75,69.68000030517578,65.00499725341797,69.0199966430664,8417400
2023-06-06,68.44000244140625,69.69999694824219,68.04000091552734,69.5,3752500
2023-06-07,69.9800033569336,70.83000183105469,66.06500244140625,66.5,5368900
2023-06-08,66.5,67.16999816894531,65.9209976196289,66.73999786376953,2889300
2023-06-09,68.05000305175781,68.83999633789062,66.5999984741211,67.13999938964844,4058900
2023-06-12,67.13999938964844,70.3499984741211,66.66000366210938,69.18000030517578,5276200
2023-06-13,69.43000030517578,69.88999938964844,68.41999816894531,68.81999969482422,4048000
2023-06-14,68.43000030517578,69.08000183105469,66.94000244140625,68.4000015258789,3658800
2023-06-15,67.73999786376953,70.3499984741211,67.66000366210938,69.94000244140625,3164200
2023-06-16,70.12000274658203,70.47000122070312,69.01000213623047,70.05999755859375,4804100
2023-06-20,69.20999908447266,71.48999786376953,69.05999755859375,70.55999755859375,4056000
2023-06-21,70.51000213623047,71.0,66.8499984741211,66.93000030517578,4120000
2023-06-22,66.58999633789062,67.4800033569336,65.61000061035156,67.44999694824219,2319700
2023-06-23,66.4800033569336,67.48500061035156,65.76000213623047,66.62000274658203,5295000
2023-06-26,66.54000091552734,67.86000061035156,66.41000366210938,66.62000274658203,2457100
2023-06-27,67.02999877929688,68.33999633789062,66.62000274658203,68.05000305175781,2866700
2023-06-28,67.97000122070312,69.05999755859375,67.54499816894531,68.69000244140625,2466800
2023-06-29,68.55000305175781,68.55000305175781,67.1500015258789,67.5999984741211,2572000
2023-06-30,68.52999877929688,68.55500030517578,67.62999725341797,67.87999725341797,2055000
2023-07-03,67.7300033569336,69.31999969482422,67.7300033569336,68.29000091552734,1623100
2023-07-05,67.81999969482422,68.34700012207031,67.18000030517578,67.6500015258789,2228300
2023-07-06,66.37000274658203,66.59300231933594,64.33000183105469,64.69000244140625,3178300
2023-07-07,64.73999786376953,66.22000122070312,64.55000305175781,65.66999816894531,2184800
2023-07-10,64.69999694824219,67.66000366210938,64.5999984741211,67.62000274658203,3439400
2023-07-11,67.73999786376953,69.88500213623047,67.66000366210938,69.73999786376953,3459000
2023-07-12,70.25,70.94999694824219,68.94000244140625,69.80000305175781,3062600
2023-07-13,70.29000091552734,71.44599914550781,69.19999694824219,71.23999786376953,3309000
2023-07-14,71.5,71.98999786376953,70.19000244140625,70.58999633789062,3854900
2023-07-17,70.44000244140625,73.45999908447266,70.05000305175781,72.83999633789062,4514600
2023-07-18,73.02999877929688,73.87999725341797,71.30899810791016,72.27999877929688,4008500
2023-07-19,72.9000015258789,75.0999984741211,72.66000366210938,73.91999816894531,4190700
2023-07-20,72.66999816894531,73.34500122070312,69.79000091552734,69.80000305175781,3118100
2023-07-21,70.43000030517578,71.48999786376953,70.04000091552734,71.02999877929688,5676600
2023-07-24,71.0,71.5999984741211,69.2699966430664,69.51000213623047,2884400
2023-07-25,69.94999694824219,70.6050033569336,69.27999877929688,69.33000183105469,2341000
2023-07-26,69.0,71.37000274658203,68.53500366210938,71.0999984741211,2885300
2023-07-27,72.18000030517578,74.55000305175781,71.98999786376953,72.38999938964844,3944100
2023-07-28,73.3499984741211,74.55000305175781,72.8499984741211,73.08000183105469,2742200
2023-07-31,73.27999877929688,74.18900299072266,72.86499786376953,73.3499984741211,3002000
2023-08-01,72.93000030517578,73.04000091552734,71.87000274658203,72.91000366210938,2064400
2023-08-02,71.5199966430664,71.5199966430664,69.68000030517578,69.88999938964844,3067000
2023-08-03,69.0999984741211,70.62000274658203,69.05000305175781,69.88999938964844,1945000
2023-08-04,70.30000305175781,70.94999694824219,69.04000091552734,69.05999755859375,3077200
2023-08-07,69.08999633789062,69.19000244140625,67.62999725341797,68.66000366210938,2459000
2023-08-08,67.47000122070312,67.91999816894531,65.70999908447266,67.55000305175781,3562000
2023-08-09,67.51000213623047,67.61000061035156,66.1500015258789,66.55000305175781,2142900
2023-08-10,67.80999755859375,68.78900146484375,66.9749984741211,67.47000122070312,1976400
2023-08-11,66.55000305175781,67.25,66.2300033569336,66.5999984741211,1507100
2023-08-14,66.19999694824219,67.55999755859375,65.58999633789062,67.55000305175781,2202300
2023-08-15,67.0,67.41000366210938,65.94999694824219,66.05999755859375,2567500
2023-08-16,65.7300033569336,66.70999908447266,65.36000061035156,65.375,2080800
2023-08-17,65.23999786376953,66.33999633789062,65.18000030517578,65.36000061035156,2315600
2023-08-18,64.44999694824219,66.82499694824219,64.33000183105469,66.29000091552734,3202900
2023-08-21,66.55000305175781,67.94000244140625,66.5,67.2699966430664,9917400
2023-08-22,67.18000030517578,67.37000274658203,63.584999084472656,65.83000183105469,13083400
2023-08-23,66.25,69.54000091552734,66.1500015258789,68.16999816894531,7339600
2023-08-24,69.18000030517578,69.19000244140625,66.94000244140625,66.94999694824219,2956400
2023-08-25,66.66999816894531,67.95999908447266,66.51000213623047,67.69999694824219,2454200
2023-08-28,68.2300033569336,68.55500030517578,67.19499969482422,67.56999969482422,1841300
2023-08-29,67.41000366210938,68.91999816894531,66.86000061035156,68.80999755859375,2446200
2023-08-30,68.54000091552734,69.2699966430664,67.91000366210938,68.66999816894531,2080600
2023-08-31,69.16000366210938,72.55000305175781,68.79000091552734,71.02999877929688,6456800
2023-09-01,71.79000091552734,72.41500091552734,71.42500305175781,71.72000122070312,4024300
2023-09-05,70.9800033569336,75.90499877929688,70.72000122070312,73.27999877929688,9151400
2023-09-06,73.0,74.08000183105469,72.5999984741211,74.0,3579900
2023-09-07,73.19000244140625,74.81999969482422,72.33999633789062,73.68000030517578,3948300
2023-09-08,73.68000030517578,73.80000305175781,71.63999938964844,72.05999755859375,3882800
2023-09-11,71.58000183105469,72.91000366210938,71.12999725341797,71.77999877929688,4245300
2023-09-12,70.69000244140625,71.77999877929688,70.25,70.2699966430664,2880400
2023-09-13,70.0199966430664,70.3499984741211,68.80999755859375,69.83999633789062,3349000
2023-09-14,70.02999877929688,71.87999725341797,70.0,71.56999969482422,3201400
2023-09-15,71.56999969482422,72.44999694824219,70.6510009765625,71.11000061035156,6238300
2023-09-18,70.80999755859375,71.12000274658203,69.77999877929688,70.62999725341797,1958700
2023-09-19,70.12000274658203,70.55000305175781,68.63999938964844,69.33999633789062,2399000
2023-09-20,69.5,70.05000305175781,68.7699966430664,68.80000305175781,2213800
2023-09-21,68.0,68.9000015258789,67.86000061035156,68.30999755859375,3413900
2023-09-22,68.5,69.7300033569336,68.4000015258789,68.8499984741211,2496500
2023-09-25,68.25,69.16000366210938,68.19999694824219,68.6500015258789,1853600
2023-09-26,68.19000244140625,69.16000366210938,68.02999877929688,68.30000305175781,2262400
2023-09-27,68.94000244140625,68.95999908447266,66.51000213623047,67.31999969482422,2617700
2023-09-28,67.0,68.56999969482422,66.41000366210938,68.33000183105469,1829000
2023-09-29,69.12999725341797,71.08399963378906,69.12000274658203,69.94000244140625,2824700
2023-10-02,69.93000030517578,71.375,69.47000122070312,70.11000061035156,2458800
2023-10-03,69.58000183105469,70.25,67.68000030517578,68.04000091552734,3258400
2023-10-04,68.67900085449219,68.87999725341797,65.5199966430664,66.05999755859375,4689500
2023-10-05,65.94999694824219,66.05999755859375,64.1500015258789,64.5199966430664,3951300
2023-10-06,63.68199920654297,65.80400085449219,63.68199920654297,65.4800033569336,3237400
2023-10-09,63.970001220703125,66.12999725341797,63.529998779296875,66.0999984741211,3389100
2023-10-10,66.0,67.88999938964844,65.85800170898438,67.27999877929688,2416200
2023-10-11,67.43000030517578,67.58999633789062,64.77999877929688,64.81999969482422,3142900
2023-10-12,64.93000030517578,64.93000030517578,62.66999816894531,63.470001220703125,3069800
2023-10-13,63.41999816894531,63.70000076293945,62.14500045776367,62.75,2809800
2023-10-16,63.060001373291016,63.59000015258789,62.439998626708984,63.18000030517578,2379000
2023-10-17,62.68000030517578,64.91999816894531,62.652000427246094,63.84000015258789,3031800
2023-10-18,63.31999969482422,63.810001373291016,62.790000915527344,62.970001220703125,1951500
2023-10-19,63.43000030517578,63.96799850463867,62.119998931884766,62.36000061035156,1651400
2023-10-20,62.41999816894531,62.650001525878906,61.40999984741211,61.709999084472656,2476300
2023-10-23,61.099998474121094,62.040000915527344,60.900001525878906,61.130001068115234,2046200
2023-10-24,61.4900016784668,62.8650016784668,61.4900016784668,62.13999938964844,2419900
2023-10-25,61.400001525878906,61.78499984741211,60.27000045776367,60.349998474121094,3097600
2023-10-26,60.45000076293945,60.970001220703125,58.869998931884766,59.5,2493400
2023-10-27,59.959999084472656,60.14400100708008,59.0,59.290000915527344,1818300
2023-10-30,59.56999969482422,60.52000045776367,59.0,60.0,2174500
2023-10-31,60.220001220703125,60.43000030517578,59.4900016784668,59.97999954223633,1734600
2023-11-01,60.0,60.361000061035156,59.349998474121094,60.029998779296875,2108000
2023-11-02,61.0,61.70000076293945,60.345001220703125,61.279998779296875,3031300
2023-11-03,61.97999954223633,63.314998626708984,61.755001068115234,62.9900016784668,3147400
2023-11-06,63.13999938964844,63.310001373291016,61.22999954223633,61.81999969482422,3058100
2023-11-07,62.459999084472656,63.209999084472656,61.9900016784668,62.689998626708984,2375300
2023-11-08,62.41999816894531,62.689998626708984,61.5,61.83000183105469,1993800
2023-11-09,61.97999954223633,62.0,60.619998931884766,60.650001525878906,2581500
2023-11-10,60.66999816894531,62.220001220703125,60.2400016784668,62.060001373291016,2672700
2023-11-13,61.959999084472656,62.439998626708984,61.31999969482422,61.540000915527344,2258500
2023-11-14,63.0,64.05000305175781,62.06999969482422,62.77000045776367,4447000
2023-11-15,63.15999984741211,65.4000015258789,63.150001525878906,63.7400016784668,3720400
2023-11-16,63.290000915527344,63.97999954223633,63.09600067138672,63.400001525878906,2441100
2023-11-17,64.43000030517578,64.76000213623047,63.56999969482422,64.12000274658203,4208900
2023-11-20,64.58999633789062,66.08000183105469,64.4800033569336,66.0,10633100
2023-11-21,63.65999984741211,66.55000305175781,61.83000183105469,65.94000244140625,13812400
2023-11-22,66.05000305175781,66.52999877929688,63.77000045776367,63.83000183105469,5094700
2023-11-24,64.02999877929688,64.9800033569336,63.81999969482422,64.52999877929688,1842300
2023-11-27,64.38999938964844,65.72699737548828,64.05999755859375,65.55000305175781,3830000
2023-11-28,65.29000091552734,67.63999938964844,64.91000366210938,67.52999877929688,5131900
2023-11-29,68.43000030517578,69.08999633789062,67.86000061035156,67.94999694824219,3554600
2023-11-30,68.38999938964844,68.68000030517578,67.25,67.83000183105469,3923800
2023-12-01,67.76000213623047,70.45999908447266,67.58000183105469,70.29000091552734,4477100
2023-12-04,69.80000305175781,70.26000213623047,65.5999984741211,68.16000366210938,8401100
2023-12-05,67.91000366210938,69.26000213623047,67.08999633789062,68.72000122070312,3753100
2023-12-06,69.58000183105469,71.44000244140625,68.75,70.94000244140625,4731900
2023-12-07,71.0,72.04000091552734,70.62999725341797,71.93000030517578,4312500
2023-12-08,71.69999694824219,73.95999908447266,71.16999816894531,73.05999755859375,5028100
2023-12-11,71.81999969482422,73.73999786376953,70.94999694824219,72.58000183105469,6531300
2023-12-12,71.9800033569336,72.16999816894531,71.02999877929688,71.27999877929688,4712800
2023-12-13,71.30999755859375,71.3499984741211,68.8499984741211,71.22000122070312,4510700
2023-12-14,72.12000274658203,73.94000244140625,71.51000213623047,72.13999938964844,5929600
2023-12-15,72.25,72.45999908447266,70.96499633789062,71.56999969482422,19845000
2023-12-18,70.86000061035156,72.63999938964844,70.81700134277344,71.36000061035156,2967400
2023-12-19,71.56999969482422,72.79000091552734,71.4000015258789,72.41999816894531,3014000
2023-12-20,71.33000183105469,71.77999877929688,69.8499984741211,69.86000061035156,3512700
2023-12-21,70.58000183105469,72.04000091552734,70.26000213623047,71.9000015258789,3798700
2023-12-22,72.12000274658203,72.83999633789062,71.66500091552734,72.5,2383600
2023-12-26,72.61000061035156,74.3499984741211,72.37000274658203,74.20999908447266,2939900
2023-12-27,74.30000305175781,74.7699966430664,73.16000366210938,73.7300033569336,2392300
2023-12-28,73.7699966430664,74.0,72.91999816894531,73.08999633789062,2330200
2023-12-29,72.9800033569336,73.5979995727539,71.80999755859375,71.91000366210938,2425900
2024-01-02,71.0999984741211,71.4469985961914,69.0,69.1500015258789,2869400
2024-01-03,68.30999755859375,68.48999786376953,67.11499786376953,67.16999816894531,2493500
2024-01-04,67.0,67.54000091552734,66.4000015258789,66.9000015258789,1962100
2024-01-05,66.52999877929688,68.02999877929688,66.47000122070312,66.95999908447266,1958800
2024-01-08,67.19999694824219,68.95500183105469,66.77999877929688,68.38999938964844,2341300
2024-01-09,67.45999908447266,68.93000030517578,67.20999908447266,68.30999755859375,2178200
2024-01-10,68.25,68.30000305175781,67.58000183105469,68.18000030517578,2078300
2024-01-11,68.33999633789062,68.68299865722656,66.97000122070312,68.5,3334700
2024-01-12,68.69000244140625,71.5,68.69000244140625,70.45999908447266,4035600
2024-01-16,69.9000015258789,70.41000366210938,68.16000366210938,69.0999984741211,3503200
2024-01-17,68.13999938964844,68.16999816894531,66.40499877929688,67.94999694824219,2357300
2024-01-18,67.5199966430664,67.9800033569336,66.44999694824219,67.31999969482422,2611200
2024-01-19,67.66000366210938,69.04000091552734,67.11000061035156,69.04000091552734,2098700
2024-01-22,69.52999877929688,70.66000366210938,69.04000091552734,69.58999633789062,2493800
2024-01-23,69.58999633789062,69.9000015258789,69.11000061035156,69.62999725341797,2373100
2024-01-24,70.41999816894531,70.5999984741211,68.92400360107422,69.04000091552734,1944300
2024-01-25,69.5,69.5,67.18499755859375,67.41999816894531,2670000
2024-01-26,67.33000183105469,68.75,67.22000122070312,67.73999786376953,2112100
2024-01-29,67.58999633789062,69.0999984741211,67.58999633789062,68.93000030517578,2655700
2024-01-30,68.33000183105469,68.80000305175781,67.13999938964844,67.18000030517578,2418900
2024-01-31,66.25,66.37999725341797,64.57499694824219,64.61000061035156,4178200
2024-02-01,64.77999877929688,65.6500015258789,64.12999725341797,64.8499984741211,4066500
2024-02-02,64.27999877929688,64.79000091552734,63.36000061035156,64.2699966430664,4005800
2024-02-05,63.93000030517578,64.0199966430664,63.349998474121094,63.689998626708984,2597100
2024-02-06,63.529998779296875,64.13999938964844,63.209999084472656,63.599998474121094,3031200
2024-02-07,64.18000030517578,64.25,63.060001373291016,63.880001068115234,2738600
2024-02-08,63.689998626708984,64.06999969482422,63.06999969482422,63.900001525878906,3304500
2024-02-09,64.20999908447266,66.5,64.01000213623047,65.69999694824219,4302100
2024-02-12,65.72000122070312,66.1500015258789,64.44999694824219,64.4800033569336,3077300
2024-02-13,63.0,64.05000305175781,62.810001373291016,63.65999984741211,3230000
2024-02-14,64.33999633789062,64.4800033569336,63.5099983215332,64.13999938964844,1811000
2024-02-15,64.3499984741211,64.7300033569336,63.7400016784668,64.04000091552734,1917700
2024-02-16,63.380001068115234,63.7599983215332,62.08000183105469,62.119998931884766,4125600
2024-02-20,61.70000076293945,61.91999816894531,60.474998474121094,61.31999969482422,3742800
2024-02-21,60.41999816894531,61.41999816894531,60.13999938964844,61.349998474121094,3343800
2024-02-22,61.93000030517578,62.18000030517578,60.939998626708984,62.119998931884766,3383300
2024-02-23,62.5,63.46500015258789,62.29999923706055,63.400001525878906,3518800
2024-02-26,63.650001525878906,64.31999969482422,62.94499969482422,63.119998931884766,13348800
2024-02-27,67.1500015258789,69.4800033569336,65.05999755859375,68.16999816894531,18558000
2024-02-28,67.7300033569336,70.61000061035156,67.56500244140625,69.62000274658203,8100900
2024-02-29,70.0,71.30000305175781,69.06999969482422,70.7300033569336,5830400
2024-03-01,70.9800033569336,71.19999694824219,70.125,70.91000366210938,4271900
2024-03-04,70.91000366210938,70.91999816894531,69.48999786376953,69.70999908447266,5257900
2024-03-05,68.7300033569336,69.19000244140625,66.05999755859375,66.48999786376953,4874600
2024-03-06,67.19000244140625,67.77999877929688,66.30999755859375,66.41999816894531,2925100
2024-03-07,66.55000305175781,67.45999908447266,66.55000305175781,67.02999877929688,2483500
2024-03-08,67.66000366210938,68.28600311279297,67.1500015258789,67.16000366210938,2982200
2024-03-11,67.19000244140625,70.26000213623047,67.12999725341797,69.68000030517578,4434000
2024-03-12,70.0,70.56999969482422,69.30000305175781,69.87999725341797,3160600
2024-03-13,69.73999786376953,69.94999694824219,68.33999633789062,68.44000244140625,2402900
2024-03-14,68.55999755859375,68.87999725341797,66.87000274658203,67.26000213623047,1902800
2024-03-15,66.73999786376953,67.61000061035156,65.88999938964844,65.95999908447266,5674700
2024-03-18,66.30999755859375,67.22000122070312,66.0,66.2300033569336,2132700
2024-03-19,65.5,67.0,65.3499984741211,66.52999877929688,2341900
2024-03-20,66.66000366210938,67.26000213623047,65.97000122070312,66.86000061035156,1594900
2024-03-21,67.2699966430664,67.2699966430664,66.41999816894531,66.54000091552734,1702400
2024-03-22,66.3499984741211,66.41000366210938,65.58000183105469,65.95999908447266,1521200
2024-03-25,65.8499984741211,66.94000244140625,65.3499984741211,66.70999908447266,2227000
2024-03-26,67.0,67.3949966430664,66.18499755859375,66.3499984741211,1642100
2024-03-27,66.61000061035156,66.95999908447266,65.93000030517578,66.62000274658203,1882900
2024-03-28,66.86000061035156,66.86000061035156,65.33000183105469,65.37000274658203,2605800
2024-04-01,67.04000091552734,67.04000091552734,64.61900329589844,64.7300033569336,2955100
2024-04-02,63.5099983215332,64.0999984741211,63.22999954223633,63.779998779296875,2927700
2024-04-03,63.470001220703125,63.849998474121094,63.0099983215332,63.220001220703125,2831600
2024-04-04,63.5099983215332,64.33000183105469,63.029998779296875,63.279998779296875,2614500
2024-04-05,63.06999969482422,63.41999816894531,62.617000579833984,62.939998626708984,2291400
2024-04-08,62.220001220703125,63.65999984741211,61.70000076293945,63.0099983215332,3309100
2024-04-09,62.970001220703125,64.62999725341797,62.810001373291016,63.849998474121094,3284100
2024-04-10,62.400001525878906,62.900001525878906,61.54999923706055,62.220001220703125,3166200
2024-04-11,62.69900131225586,62.81999969482422,62.02000045776367,62.52000045776367,2009200
2024-04-12,62.06999969482422,62.5,61.56999969482422,61.630001068115234,2700500
2024-04-15,61.709999084472656,61.792999267578125,59.7599983215332,60.2400016784668,3361200
2024-04-16,60.20000076293945,60.279998779296875,59.2599983215332,59.279998779296875,2241800
2024-04-17,59.279998779296875,59.790000915527344,59.0099983215332,59.08000183105469,2034200
2024-04-18,60.25,60.75,59.61000061035156,59.939998626708984,4223900
2024-04-19,59.810001373291016,60.209999084472656,59.07500076293945,59.45000076293945,2492500
2024-04-22,59.939998626708984,60.06999969482422,58.880001068115234,59.540000915527344,2905900
2024-04-23,59.630001068115234,61.7599983215332,59.625,61.619998931884766,3891000
2024-04-24,61.90999984741211,62.16999816894531,60.97999954223633,61.650001525878906,3215300
2024-04-25,60.400001525878906,61.15999984741211,60.31999969482422,61.040000915527344,2518200
2024-04-26,61.439998626708984,62.060001373291016,61.2599983215332,62.0,2801200
2024-04-29,62.5,63.82899856567383,62.5,63.31999969482422,3034900
2024-04-30,62.709999084472656,62.95000076293945,60.88999938964844,61.099998474121094,2544700
2024-05-01,60.900001525878906,62.290000915527344,60.689998626708984,61.61000061035156,2445800
2024-05-02,62.29999923706055,63.18000030517578,61.79999923706055,62.83000183105469,2731800
2024-05-03,63.529998779296875,63.77000045776367,61.34000015258789,61.81999969482422,3041900
2024-05-06,61.81999969482422,62.2400016784668,61.53099822998047,61.81999969482422,2825500
2024-05-07,61.959999084472656,62.36000061035156,61.7599983215332,62.13999938964844,2261600
2024-05-08,61.650001525878906,63.040000915527344,61.02000045776367,61.22999954223633,2697200
2024-05-09,61.130001068115234,62.1150016784668,61.029998779296875,61.130001068115234,2525300
2024-05-10,61.279998779296875,62.08000183105469,61.20000076293945,61.970001220703125,2242500
2024-05-13,62.290000915527344,63.459999084472656,62.18000030517578,63.11000061035156,2894100
2024-05-14,63.75,64.16999816894531,63.09000015258789,63.529998779296875,2788100
2024-05-15,64.1500015258789,64.19400024414062,62.77000045776367,63.810001373291016,2387200
2024-05-16,63.54999923706055,64.13999938964844,63.09000015258789,63.959999084472656,2612000
2024-05-17,63.61000061035156,64.18000030517578,63.52000045776367,64.16000366210938,3152100
2024-05-20,64.12000274658203,64.5,63.56999969482422,64.08999633789062,6125600
2024-05-21,62.810001373291016,65.4000015258789,62.61000061035156,63.86000061035156,8015200
2024-05-22,64.0,65.19999694824219,63.54999923706055,64.37999725341797,2986200
2024-05-23,64.63999938964844,64.68000030517578,62.189998626708984,62.41999816894531,3007500
2024-05-24,62.16999816894531,63.45000076293945,62.16999816894531,63.0099983215332,7322100
2024-05-28,62.959999084472656,63.09000015258789,61.70000076293945,62.060001373291016,2994000
2024-05-29,61.41999816894531,61.88999938964844,61.209999084472656,61.36000061035156,2351100
2024-05-30,61.349998474121094,61.58000183105469,60.10499954223633,60.529998779296875,3402300
2024-05-31,60.650001525878906,61.41999816894531,60.20000076293945,61.34000015258789,4489100
2024-06-03,61.79999923706055,62.48500061035156,61.470001220703125,61.72999954223633,2873300
2024-06-04,61.599998474121094,62.099998474121094,61.31999969482422,61.529998779296875,2063800
2024-06-05,61.779998779296875,62.45000076293945,61.625,62.09000015258789,2566400
2024-06-06,62.0,63.779998779296875,61.89500045776367,63.11000061035156,3201400
2024-06-07,62.779998779296875,63.435001373291016,62.58000183105469,62.84000015258789,2514300
2024-06-10,62.43000030517578,63.31999969482422,62.41999816894531,62.959999084472656,3631500
2024-06-11,62.9900016784668,63.22999954223633,61.709999084472656,62.849998474121094,1963900
2024-06-12,63.4900016784668,63.50400161743164,60.349998474121094,60.52000045776367,3725000
2024-06-13,60.2599983215332,60.5,57.93000030517578,57.939998626708984,4662600
2024-06-14,57.93000030517578,58.15999984741211,57.33000183105469,57.7400016784668,3014700
2024-06-17,57.400001525878906,57.56999969482422,56.404998779296875,56.95000076293945,4355900
2024-06-18,57.130001068115234,57.310001373291016,56.09000015258789,56.209999084472656,3217800
2024-06-20,56.119998931884766,58.369998931884766,55.630001068115234,58.310001373291016,4351000
2024-06-21,58.0,59.20000076293945,57.76499938964844,58.880001068115234,9509900
2024-06-24,58.61000061035156,58.900001525878906,57.439998626708984,57.810001373291016,3511100
2024-06-25,57.709999084472656,58.29999923706055,57.369998931884766,57.790000915527344,2455400
2024-06-26,57.790000915527344,57.95000076293945,57.279998779296875,57.540000915527344,2541000
2024-06-27,57.40999984741211,58.505001068115234,56.95000076293945,58.470001220703125,4181500
2024-06-28,58.66999816894531,59.68000030517578,58.54999923706055,59.189998626708984,3749400
2024-07-01,59.099998474121094,59.40599822998047,58.83100128173828,59.209999084472656,1937900
2024-07-02,59.369998931884766,59.86000061035156,58.290000915527344,58.34000015258789,1922400
2024-07-03,58.27000045776367,58.779998779296875,58.16999816894531,58.630001068115234,1415900
2024-07-05,58.689998626708984,58.90999984741211,58.220001220703125,58.2599983215332,1958100
2024-07-08,58.185001373291016,58.31999969482422,57.22999954223633,57.400001525878906,2882500
2024-07-09,57.150001525878906,57.68000030517578,56.7400016784668,56.880001068115234,3946200
2024-07-10,56.70000076293945,57.04999923706055,55.779998779296875,56.0,4015100
2024-07-11,56.060001373291016,57.38999938964844,56.060001373291016,56.599998474121094,3515300
2024-07-12,56.61000061035156,57.72999954223633,56.47999954223633,57.58000183105469,3438000
2024-07-15,57.63999938964844,59.029998779296875,57.470001220703125,58.32500076293945,3053100
2024-07-16,58.25,59.189998626708984,58.1150016784668,59.15999984741211,2449600
2024-07-17,58.88999938964844,59.380001068115234,58.630001068115234,59.099998474121094,2352300
2024-07-18,59.0,59.7400016784668,58.790000915527344,59.150001525878906,2342500
2024-07-19,58.83000183105469,59.09000015258789,58.27000045776367,58.869998931884766,1857400
2024-07-22,59.130001068115234,59.25,58.130001068115234,58.63999938964844,1985500
2024-07-23,58.470001220703125,59.91999816894531,58.470001220703125,59.41999816894531,2466300
2024-07-24,59.22999954223633,59.650001525878906,58.0,58.15999984741211,2495100
2024-07-25,58.290000915527344,60.47999954223633,57.97999954223633,59.61000061035156,3238900
2024-07-26,59.91999816894531,60.64799880981445,59.59000015258789,60.09000015258789,1906300
2024-07-29,60.40999984741211,60.619998931884766,59.959999084472656,60.31999969482422,1636500
2024-07-30,60.209999084472656,61.2599983215332,59.91999816894531,61.04999923706055,1805300
2024-07-31,61.45000076293945,62.220001220703125,60.290000915527344,60.400001525878906,3187500
2024-08-01,60.439998626708984,60.790000915527344,58.84000015258789,58.970001220703125,2449900
2024-08-02,58.09000015258789,58.869998931884766,57.31999969482422,58.4900016784668,2365100
2024-08-05,56.630001068115234,56.869998931884766,55.599998474121094,55.630001068115234,3765300
2024-08-06,55.880001068115234,56.68000030517578,55.61000061035156,55.83000183105469,3303500
2024-08-07,56.4900016784668,57.43000030517578,55.619998931884766,55.720001220703125,2838300
2024-08-08,56.36000061035156,56.56999969482422,56.0,56.209999084472656,2311500
2024-08-09,56.16999816894531,56.529998779296875,55.54999923706055,56.380001068115234,1742400
2024-08-12,56.349998474121094,56.5,55.060001373291016,55.31999969482422,2357200
2024-08-13,55.4900016784668,56.66999816894531,55.279998779296875,56.650001525878906,2494900
2024-08-14,56.40999984741211,57.060001373291016,56.119998931884766,57.0,1615900
2024-08-15,57.72999954223633,58.13999938964844,57.5099983215332,57.849998474121094,3151800
2024-08-16,57.52000045776367,58.2599983215332,57.233001708984375,58.06999969482422,1735000
2024-08-19,58.5,59.869998931884766,58.4900016784668,59.81999969482422,2679700
2024-08-20,59.61000061035156,59.970001220703125,58.779998779296875,59.130001068115234,2224200
2024-08-21,59.619998931884766,60.2599983215332,59.349998474121094,60.22999954223633,7107300
2024-08-22,61.814998626708984,68.27999877929688,60.709999084472656,68.04000091552734,22168500
2024-08-23,68.1510009765625,70.86000061035156,68.0199966430664,70.13999938964844,10683900
2024-08-26,70.08999633789062,72.36000061035156,70.0,71.31999969482422,6547300
2024-08-27,71.5,72.33000183105469,70.91999816894531,71.9000015258789,4605700
2024-08-28,71.75,72.33999633789062,70.04000091552734,70.69000244140625,4479000
2024-08-29,70.80999755859375,71.1500015258789,69.9000015258789,69.94000244140625,2759900
2024-08-30,69.97000122070312,70.27999877929688,68.80000305175781,69.08000183105469,5144500
2024-09-03,69.08000183105469,70.41000366210938,68.6050033569336,68.83000183105469,3316400
2024-09-04,68.54000091552734,69.2300033569336,68.0,68.19000244140625,2896500
2024-09-05,68.08999633789062,68.80500030517578,67.06999969482422,67.2300033569336,2638000
2024-09-06,67.93000030517578,68.55999755859375,66.5999984741211,67.18000030517578,2797500
2024-09-09,66.95999908447266,67.55999755859375,66.44000244140625,66.58999633789062,2780700
2024-09-10,66.87000274658203,66.87999725341797,65.87000274658203,66.69999694824219,3476000
2024-09-11,66.61000061035156,67.58000183105469,66.26000213623047,67.30000305175781,3516700
2024-09-12,67.47000122070312,67.5,65.9800033569336,66.55000305175781,2184400
2024-09-13,66.51000213623047,67.98999786376953,66.44499969482422,67.58999633789062,2061800
2024-09-16,67.47000122070312,68.56999969482422,67.38999938964844,67.62000274658203,4054700
2024-09-17,68.12000274658203,68.55000305175781,67.69999694824219,68.11000061035156,2305000
2024-09-18,67.77999877929688,67.90499877929688,65.91000366210938,66.04000091552734,2571700
2024-09-19,67.05999755859375,67.65299987792969,66.72000122070312,66.91000366210938,1908000
2024-09-20,66.88999938964844,67.58000183105469,66.76000213623047,67.52999877929688,4368500
2024-09-23,67.66000366210938,68.95999908447266,67.51000213623047,68.79000091552734,2526600
2024-09-24,69.41000366210938,70.16999816894531,68.6510009765625,69.43000030517578,2294700
2024-09-25,68.95999908447266,69.36000061035156,67.78500366210938,67.94999694824219,2479900
2024-09-26,68.43000030517578,69.3499984741211,68.12999725341797,68.9000015258789,2018900
2024-09-27,69.01000213623047,69.58999633789062,68.72100067138672,69.55000305175781,1417500
2024-09-30,69.4800033569336,70.33000183105469,69.30000305175781,69.73999786376953,2024600
2024-10-01,69.61000061035156,69.91999816894531,68.20999908447266,68.63999938964844,1930600
2024-10-02,68.33000183105469,68.48999786376953,67.50499725341797,67.61000061035156,1786600
2024-10-03,67.2699966430664,67.58000183105469,66.87300109863281,67.20999908447266,1633300
2024-10-04,68.0,68.69000244140625,67.58000183105469,68.66000366210938,1875300
2024-10-07,69.08999633789062,69.30000305175781,67.81999969482422,68.16000366210938,2110700
2024-10-08,68.30000305175781,68.62000274658203,66.9800033569336,68.31999969482422,2497000
2024-10-09,68.12000274658203,70.33999633789062,68.12000274658203,69.97000122070312,4297200
2024-10-10,69.51000213623047,71.37000274658203,69.36000061035156,70.8499984741211,4969600
2024-10-11,70.70999908447266,71.44999694824219,70.5,70.68000030517578,2967300
2024-10-14,70.9800033569336,71.06999969482422,67.6449966430664,67.88999938964844,3658200
2024-10-15,67.73999786376953,68.7300033569336,67.66000366210938,68.41999816894531,2735300
2024-10-16,68.22000122070312,69.08999633789062,68.05000305175781,68.93000030517578,1954100
2024-10-17,69.41999816894531,70.32499694824219,68.72000122070312,70.19999694824219,1939800
2024-10-18,70.38999938964844,70.73999786376953,70.1500015258789,70.5199966430664,1444800
2024-10-21,70.2699966430664,72.36000061035156,70.19999694824219,72.16999816894531,2805100
2024-10-22,72.0,73.12000274658203,71.70999908447266,72.22000122070312,2710100
2024-10-23,72.01000213623047,73.18000030517578,71.76000213623047,72.54000091552734,2654300
2024-10-24,72.73999786376953,73.98999786376953,72.36000061035156,72.66000366210938,2926700
2024-10-25,72.77999877929688,73.75,72.61000061035156,72.62999725341797,2073300
2024-10-28,72.93000030517578,74.16000366210938,72.6780014038086,73.8499984741211,2129800
2024-10-29,73.8499984741211,75.95999908447266,73.6500015258789,75.5,3571200
2024-10-30,75.38999938964844,75.83000183105469,74.7300033569336,74.77999877929688,2008600
2024-10-31,74.66999816894531,75.51000213623047,74.62999725341797,74.73999786376953,1723100
2024-11-01,74.69000244140625,76.02999877929688,74.58000183105469,75.5999984741211,1973300
2024-11-04,75.52999877929688,75.97000122070312,74.5199966430664,75.54000091552734,1551100
2024-11-05,75.79000091552734,77.8499984741211,75.72000122070312,77.75,2568400
2024-11-06,78.19999694824219,80.3499984741211,78.16000366210938,79.69000244140625,3880300
2024-11-07,79.69000244140625,80.47000122070312,78.54000091552734,80.19000244140625,2288300
2024-11-08,80.5199966430664,81.56999969482422,80.20999908447266,81.45999908447266,2839800
2024-11-11,81.87000274658203,86.2300033569336,81.83000183105469,85.58000183105469,5447400
2024-11-12,84.7300033569336,87.0999984741211,84.06999969482422,86.31999969482422,3943000
2024-11-13,86.51000213623047,87.1449966430664,84.6500015258789,85.04000091552734,2729000
2024-11-14,84.87000274658203,84.88999938964844,82.4000015258789,82.62999725341797,2906200
2024-11-15,81.5199966430664,81.9800033569336,80.91999816894531,81.13999938964844,2234600
2024-11-18,81.20999908447266,81.20999908447266,78.87999725341797,78.93000030517578,4177200
2024-11-19,78.81999969482422,79.02999877929688,77.49500274658203,77.75,4138400
2024-11-20,77.87999725341797,79.23999786376953,77.87999725341797,78.86000061035156,2318000
2024-11-21,78.95999908447266,81.6500015258789,78.9000015258789,81.19999694824219,3962000
2024-11-22,81.4000015258789,86.0,81.4000015258789,85.87999725341797,5636100
2024-11-25,88.30000305175781,92.80000305175781,88.21499633789062,89.02999877929688,17383600
2024-11-26,84.0199966430664,85.0,81.22000122070312,83.41000366210938,12886600
2024-11-27,84.08999633789062,85.80000305175781,83.77999877929688,85.36000061035156,5212300
2024-11-29,84.80000305175781,85.6500015258789,82.33999633789062,82.69000244140625,3233900
2024-12-02,82.5,84.875,82.16999816894531,83.11000061035156,2943900
2024-12-03,82.63999938964844,82.98999786376953,81.76000213623047,82.62999725341797,2303200
2024-12-04,82.9000015258789,84.13999938964844,82.27999877929688,83.6500015258789,3143700
2024-12-05,83.98999786376953,85.12000274658203,83.30999755859375,83.36000061035156,2173400
2024-12-06,83.76000213623047,86.75,83.76000213623047,86.22000122070312,3359200
2024-12-09,85.87999725341797,87.72000122070312,85.50499725341797,85.58000183105469,3518600
2024-12-10,84.76000213623047,85.5,83.45999908447266,83.83000183105469,3744000
2024-12-11,84.1500015258789,86.80000305175781,83.93000030517578,86.58999633789062,3501100
2024-12-12,85.68000030517578,87.27999877929688,85.43000030517578,87.05000305175781,2103600
2024-12-13,86.80999755859375,87.30000305175781,83.37999725341797,83.79000091552734,2627100
2024-12-16,84.05500030517578,84.63999938964844,83.22200012207031,83.80000305175781,2646600
2024-12-17,83.16000366210938,84.69999694824219,82.55000305175781,84.5999984741211,2517500
2024-12-18,84.9000015258789,85.77999877929688,81.62000274658203,82.05000305175781,2796700
2024-12-19,84.62999725341797,85.33000183105469,83.6500015258789,84.05000305175781,3662500
2024-12-20,83.19999694824219,86.0999984741211,82.86000061035156,85.5999984741211,5090800
2024-12-23,85.25,85.73999786376953,84.41000366210938,85.2699966430664,2377000
2024-12-24,85.0,86.0,84.81500244140625,85.66999816894531,902900
2024-12-26,85.16000366210938,86.13999938964844,84.8499984741211,85.44000244140625,1980600
2024-12-27,85.19999694824219,85.49500274658203,82.72000122070312,83.81999969482422,2140300
2024-12-30,82.77999877929688,83.22000122070312,81.5999984741211,82.7300033569336,1476500
2024-12-31,83.0,83.00499725341797,81.2699966430664,81.61000061035156,1952400
2025-01-02,82.51000213623047,82.79000091552734,80.87999725341797,81.58000183105469,1774100
2025-01-03,81.43000030517578,82.77999877929688,81.4000015258789,82.69999694824219,1639700
2025-01-06,83.16999816894531,84.19000244140625,81.99500274658203,82.33999633789062,2425600
2025-01-07,83.80000305175781,84.02999877929688,80.12000274658203,80.44999694824219,2150000
2025-01-08,80.12000274658203,80.65599822998047,78.86000061035156,79.9000015258789,2850700
2025-01-10,78.57499694824219,79.81500244140625,78.0199966430664,79.45999908447266,2750300
2025-01-13,78.52999877929688,79.72000122070312,78.52999877929688,78.81999969482422,1885000
2025-01-14,79.68000030517578,80.23999786376953,78.52999877929688,79.19999694824219,1537500
2025-01-15,80.12000274658203,80.81999969482422,79.36000061035156,80.26000213623047,2045700
2025-01-16,80.30000305175781,80.46499633789062,79.2699966430664,79.44000244140625,1803100
2025-01-17,80.04000091552734,80.20999908447266,78.01000213623047,78.06999969482422,2923900
2025-01-21,78.79000091552734,79.20999908447266,77.5999984741211,78.54000091552734,2470800
2025-01-22,79.04000091552734,79.36000061035156,78.06999969482422,79.27999877929688,2287900
2025-01-23,79.2699966430664,80.02999877929688,76.37999725341797,80.01000213623047,3526400
2025-01-24,80.75,82.30500030517578,79.98999786376953,80.16999816894531,2100000
2025-01-27,79.0199966430664,82.27999877929688,78.77999877929688,82.0,2259100
2025-01-28,82.44999694824219,88.9000015258789,82.36000061035156,88.63999938964844,4971800
2025-01-29,88.4000015258789,88.4000015258789,86.37000274658203,87.19999694824219,2200600
2025-01-30,86.95999908447266,87.94999694824219,86.1500015258789,87.29000091552734,1699500
2025-01-31,88.05999755859375,88.76599884033203,86.58000183105469,86.94000244140625,2861500
2025-02-03,85.5,86.4000015258789,84.25499725341797,86.12000274658203,1465500
2025-02-04,86.68000030517578,87.18000030517578,85.77999877929688,86.18000030517578,1450800
2025-02-05,86.47000122070312,87.58000183105469,85.48999786376953,85.98999786376953,1377400
2025-02-06,86.5,86.8290023803711,85.79000091552734,86.69000244140625,1549400
2025-02-07,87.25800323486328,88.16000366210938,85.71099853515625,86.12000274658203,1826900
2025-02-10,86.91000366210938,88.62000274658203,86.42500305175781,87.0999984741211,2347800
2025-02-11,86.33000183105469,86.93499755859375,83.29000091552734,83.81999969482422,2636500
2025-02-12,82.5,83.41000366210938,81.46099853515625,83.05000305175781,2364300
2025-02-13,83.29000091552734,85.45500183105469,83.2699966430664,85.16000366210938,1733400
2025-02-14,85.16000366210938,85.30000305175781,83.31999969482422,85.0999984741211,1436300
2025-02-18,85.30000305175781,85.4000015258789,83.40899658203125,85.19999694824219,2320400
2025-02-19,84.5,85.19999694824219,83.06999969482422,85.16999816894531,2428100
2025-02-20,84.55000305175781,85.04000091552734,82.75,83.44999694824219,2788200
2025-02-21,84.83000183105469,85.8499984741211,82.26000213623047,82.5,4125300
2025-02-24,82.12999725341797,83.3499984741211,79.91999816894531,81.0999984741211,6493900
2025-02-25,77.66500091552734,77.66500091552734,72.51000213623047,74.22000122070312,11067500
2025-02-26,74.19999694824219,75.41500091552734,73.51000213623047,74.1500015258789,3810100
2025-02-27,74.24500274658203,74.80000305175781,72.62999725341797,72.87999725341797,2738400
2025-02-28,72.87999725341797,73.7300033569336,72.27999877929688,73.69999694824219,3080400
2025-03-03,74.58000183105469,75.86000061035156,73.91999816894531,74.30999755859375,3286500
2025-03-04,73.95999908447266,75.83999633789062,72.88999938964844,74.93000030517578,3720500
2025-03-05,74.72000122070312,75.69999694824219,73.97000122070312,75.5999984741211,2614900
2025-03-06,75.30999755859375,77.3499984741211,74.63999938964844,75.4800033569336,3075700
2025-03-07,75.0,76.55500030517578,74.12999725341797,75.9800033569336,3303900
2025-03-10,75.70999908447266,75.8499984741211,73.04000091552734,73.47000122070312,3222100
2025-03-11,73.5,74.87000274658203,72.73999786376953,73.1500015258789,2773000
2025-03-12,74.27999877929688,74.66999816894531,72.79000091552734,73.94999694824219,1941900
2025-03-13,73.54000091552734,73.70999908447266,71.66000366210938,72.2300033569336,2033500
2025-03-14,72.80999755859375,74.91000366210938,72.79000091552734,74.19999694824219,2192100
2025-03-17,74.50499725341797,75.87000274658203,74.2300033569336,75.16000366210938,1773800
2025-03-18,74.08000183105469,75.75,74.03600311279297,75.44999694824219,1728700
2025-03-19,75.9800033569336,77.2509994506836,75.73999786376953,76.26000213623047,1690000
2025-03-20,75.61000061035156,76.91000366210938,75.5999984741211,76.02999877929688,1470900
2025-03-21,75.55000305175781,76.36000061035156,75.19999694824219,75.97000122070312,6268800
2025-03-24,76.91000366210938,78.30000305175781,76.81999969482422,78.19999694824219,1970000
2025-03-25,78.37000274658203,79.44999694824219,77.87999725341797,78.12999725341797,1586600
2025-03-26,78.44999694824219,78.44999694824219,77.12999725341797,77.77999877929688,1314400
2025-03-27,77.93000030517578,78.0,76.56999969482422,76.77999877929688,1722700
2025-03-28,76.2699966430664,76.55500030517578,74.2699966430664,74.83999633789062,1515900
2025-03-31,73.66000366210938,73.83999633789062,71.9000015258789,73.7699966430664,2205700
2025-04-01,73.30999755859375,74.20999908447266,72.19000244140625,74.0199966430664,1508000
2025-04-02,73.3499984741211,75.5,73.22000122070312,75.04000091552734,1418700
2025-04-03,72.01000213623047,73.37899780273438,70.66999816894531,73.25,2531000
2025-04-04,69.66999816894531,70.45999908447266,67.02999877929688,67.75,4687900
2025-04-07,64.77999877929688,70.08000183105469,64.41000366210938,68.05000305175781,4439700
2025-04-08,69.54000091552734,70.55999755859375,65.80999755859375,66.69999694824219,2760900
2025-04-09,66.25,72.33999633789062,65.62000274658203,71.83000183105469,4170300
2025-04-10,69.18000030517578,70.29000091552734,67.30999755859375,69.61000061035156,2969400
2025-04-11,70.0,71.5,68.83100128173828,71.33999633789062,1929300
2025-04-14,72.37000274658203,73.23999786376953,71.34500122070312,71.9800033569336,1660500
2025-04-15,71.96499633789062,73.12999725341797,71.78500366210938,72.4000015258789,1916900
2025-04-16,71.69000244140625,72.81999969482422,70.56999969482422,71.19999694824219,1460100
2025-04-17,71.625,72.19499969482422,71.06800079345703,71.48999786376953,1434600
2025-04-21,70.93000030517578,71.62000274658203,69.66000366210938,70.48999786376953,1350600
2025-04-22,71.73999786376953,72.04000091552734,70.95999908447266,71.73500061035156,1499000
2025-04-23,73.2300033569336,74.76000213623047,72.26000213623047,72.83000183105469,1514200
2025-04-24,73.16999816894531,75.68900299072266,72.91999816894531,75.48999786376953,1911300
2025-04-25,75.4800033569336,76.31999969482422,74.91500091552734,76.02999877929688,1300200
2025-04-28,76.2699966430664,76.64099884033203,75.66000366210938,76.16000366210938,1911600
2025-04-29,75.91999816894531,77.87000274658203,75.70099639892578,77.55000305175781,1837100
2025-04-30,76.83000183105469,77.66000366210938,76.11499786376953,77.54000091552734,1895800
2025-05-01,77.87999725341797,78.28500366210938,77.19000244140625,77.25,1959500
2025-05-02,77.87000274658203,78.66999816894531,77.69999694824219,78.2300033569336,1562900
2025-05-05,77.9000015258789,79.2699966430664,77.79000091552734,78.2300033569336,1749300
2025-05-06,77.87999725341797,78.80999755859375,77.43000030517578,78.05000305175781,1352300
2025-05-07,78.43000030517578,78.79000091552734,77.62000274658203,78.63999938964844,2652700
2025-05-08,79.06999969482422,80.83999633789062,78.84500122070312,80.25,2446500
2025-05-09,80.75,81.55500030517578,80.36000061035156,81.30999755859375,1854400
2025-05-12,82.58999633789062,82.80000305175781,81.33999633789062,82.66999816894531,2097200
2025-05-13,82.81999969482422,83.73500061035156,82.44999694824219,83.18000030517578,1984600
2025-05-14,83.05999755859375,83.79000091552734,82.7979965209961,83.2699966430664,1846400
2025-05-15,83.01000213623047,83.87000274658203,82.69999694824219,83.8499984741211,1659300
2025-05-16,84.04000091552734,85.072998046875,83.95999908447266,84.62000274658203,2110400
2025-05-19,83.91999816894531,83.91999816894531,83.05999755859375,83.30999755859375,1785900
2025-05-20,83.0999984741211,83.3499984741211,81.33999633789062,83.0999984741211,3283800
2025-05-21,82.56999969482422,83.75,81.91000366210938,82.2699966430664,4692200
2025-05-22,80.6449966430664,83.12999725341797,78.47000122070312,82.06999969482422,6370300
2025-05-23,80.76499938964844,82.04000091552734,79.19999694824219,79.27999877929688,4180000
2025-05-27,79.92500305175781,80.33999633789062,78.33999633789062,78.9000015258789,3780900
2025-05-28,79.16000366210938,80.17500305175781,79.01499938964844,79.66999816894531,2481400
2025-05-29,80.2300033569336,80.30999755859375,78.98999786376953,79.94000244140625,1906400
2025-05-30,79.94999694824219,81.31999969482422,79.1500015258789,81.25,5485300
2025-06-02,81.12000274658203,82.05999755859375,80.75,81.2699966430664,2423000
2025-06-03,81.07499694824219,81.30000305175781,79.83000183105469,80.9800033569336,2383600
2025-06-04,81.04000091552734,81.44999694824219,80.2750015258789,80.68000030517578,1829800
2025-06-05,81.16000366210938,82.45700073242188,80.84500122070312,81.33000183105469,1716300
2025-06-06,81.19999694824219,81.37999725341797,80.0199966430664,80.3499984741211,2342600
2025-06-09,80.37000274658203,80.86499786376953,79.93000030517578,80.26000213623047,1965900
2025-06-10,80.2300033569336,80.3499984741211,79.2300033569336,79.41000366210938,2011100
2025-06-11,79.30500030517578,79.6500015258789,77.97000122070312,78.16000366210938,2050300
2025-06-12,78.3499984741211,78.5,77.16000366210938,77.41000366210938,1954000
2025-06-13,76.63500213623047,77.30000305175781,76.22000122070312,76.62999725341797,2266900
